Rune,Sector
A,Healthcare
AA,Basic Materials
AACG,Consumer Defensive
AAL,Industrials
AAMC,Financial Services
AAME,Financial Services
AAN,Industrials
AAOI,Technology
AAON,Industrials
AAP,Consumer Cyclical
AAPL,Technology
AAT,
AAU,Basic Materials
AAWW,Industrials
AB,
ABB,Industrials
ABBV,Healthcare
ABC,Healthcare
ABCB,Financial Services
ABEO,Healthcare
ABEV,Consumer Defensive
ABG,Consumer Cyclical
ABIO,Healthcare
ABM,Industrials
ABMD,Healthcare
ABR,
ABT,Healthcare
ABTX,Financial Services
ABUS,Healthcare
AC,Financial Services
ACA,Industrials
ACAD,Healthcare
ACB,Healthcare
ACBI,
ACC,
ACCO,Industrials
ACEL,Consumer Cyclical
ACER,Healthcare
ACGL,Financial Services
ACGLO,
ACGLP,
ACH,Basic Materials
ACHC,Healthcare
ACHV,Healthcare
ACIU,Healthcare
ACIW,Technology
ACLS,Technology
ACM,Industrials
ACMR,Technology
ACN,Technology
ACNB,Financial Services
ACOR,Healthcare
ACP,
ACRE,
ACRS,Healthcare
ACRX,Healthcare
ACST,Healthcare
ACTG,Industrials
ACU,Consumer Defensive
ACV,
ADAP,Healthcare
ADBE,Technology
ADC,
ADES,Industrials
ADI,Technology
ADIL,Healthcare
ADM,Consumer Defensive
ADMA,Healthcare
ADMP,Healthcare
ADNT,Consumer Cyclical
ADP,Industrials
ADPT,Healthcare
ADSK,Technology
ADT,Industrials
ADTN,Technology
ADUS,Healthcare
ADVM,Healthcare
ADX,
ADXN,Healthcare
ADXS,
AE,Energy
AEB,
AEE, Utilities
AEF,Financial Services
AEFC,
AEG,Financial Services
AEHR,Technology
AEIS,Industrials
AEL,Financial Services
AEM,Basic Materials
AEMD,Healthcare
AEO,Consumer Cyclical
AEP, Utilities
AER,Industrials
AERI,Healthcare
AES, Utilities
AESE,Communication Services
AEY,Technology
AEYE,Technology
AEZS,Healthcare
AFB,
AFG,Financial Services
AFGC,
AFI,
AFL,Financial Services
AFMD,Healthcare
AFT,
AFYA,Consumer Defensive
AG,Basic Materials
AGBA,Financial Services
AGBAU,
AGCO,Industrials
AGD,
AGE,Healthcare
AGEN,Healthcare
AGFS,Consumer Defensive
AGI,Basic Materials
AGIO,Healthcare
AGLE,Healthcare
AGM-A,
AGM,Financial Services
AGMH,Technology
AGNC,
AGNCM,
AGNCN,
AGNCO,
AGNCP,
AGO,Financial Services
AGR, Utilities
AGRO,Consumer Defensive
AGRX,Healthcare
AGS,Consumer Cyclical
AGTC,Healthcare
AGX,Industrials
AGYS,Technology
AHCO,Healthcare
AHH,
AHPI,Healthcare
AHT,
AI,Technology
AIC,
AIF,
AIG,Financial Services
AIH,Healthcare
AIHS,Financial Services
AIKI,Healthcare
AIM,Healthcare
AIMC,Industrials
AIN,Consumer Cyclical
AINC,Financial Services
AINV,Financial Services
AIO,
AIR,Industrials
AIRG,Technology
AIRI,Industrials
AIRT,Industrials
AIRTP,
AIT,Industrials
AIV,
AIZ,Financial Services
AJG,Financial Services
AJRD,Industrials
AJX,
AJXA,
AKAM,Technology
AKBA,Healthcare
AKR,
AKRO,Healthcare
AKTS,Technology
AKTX,Healthcare
AL,Industrials
ALAC,
ALACU,
ALB,Basic Materials
ALBO,Healthcare
ALC,Healthcare
ALCO,Consumer Defensive
ALDX,Healthcare
ALE, Utilities
ALEC,Healthcare
ALEX,
ALG,Industrials
ALGN,Healthcare
ALGT,Industrials
ALIM,Healthcare
ALJJ,Industrials
ALK,Industrials
ALKS,Healthcare
ALL,Financial Services
ALLE,Industrials
ALLK,Healthcare
ALLO,Healthcare
ALLT,Technology
ALLY,Financial Services
ALNA,Healthcare
ALNY,Healthcare
ALOT,Technology
ALPN,Healthcare
ALRM,Technology
ALRN,Healthcare
ALRS,Financial Services
ALSN,Consumer Cyclical
ALT,Healthcare
ALTG,Industrials
ALTR,Technology
ALV,Consumer Cyclical
ALX,
ALYA,Technology
AM,Energy
AMAL,Financial Services
AMAT,Technology
AMBA,Technology
AMBC,Financial Services
AMBO,Consumer Defensive
AMC,Communication Services
AMCI,Financial Services
AMCIU,
AMCR,Consumer Cyclical
AMCX,Communication Services
AMD,Technology
AME,Industrials
AMED,Healthcare
AMEH,Healthcare
AMG,Financial Services
AMGN,Healthcare
AMH,
AMJ,
AMK,Financial Services
AMKR,Technology
AMN,Healthcare
AMNB,Financial Services
AMOT,Technology
AMOV,Communication Services
AMP,Financial Services
AMPE,Healthcare
AMPH,Healthcare
AMPY,Energy
AMRC,Industrials
AMRK,Financial Services
AMRN,Healthcare
AMRS,Basic Materials
AMRX,Healthcare
AMS,Healthcare
AMSC,Industrials
AMSF,Financial Services
AMSWA,Technology
AMT,
AMTB,Financial Services
AMTD,Financial Services
AMTX,Energy
AMU,
AMUB,
AMWD,Consumer Cyclical
AMX,Communication Services
AMZN,Consumer Cyclical
AN,Consumer Cyclical
ANAB,Healthcare
ANAT,
ANDE,Consumer Defensive
ANET,Technology
ANF,Consumer Cyclical
ANGI,Communication Services
ANGO,Healthcare
ANIK,Healthcare
ANIP,Healthcare
ANIX,Healthcare
ANPC,Healthcare
ANSS,Technology
ANTE,Communication Services
ANTM,
ANVS,Healthcare
ANY,Technology
AOD,
AON,Financial Services
AOS,Industrials
AOSL,Technology
AP,Industrials
APA,Energy
APAM,Financial Services
APD,Basic Materials
APDN,Healthcare
APEI,Consumer Defensive
APEN,Healthcare
APH,Technology
APLE,
APLS,Healthcare
APLT,Healthcare
APM,Healthcare
APO,Financial Services
APOG,Industrials
APPF,Technology
APPN,Technology
APPS,Technology
APRE,Healthcare
APRN,Consumer Cyclical
APT,Industrials
APTO,Healthcare
APTS,
APTV,Consumer Cyclical
APTX,Healthcare
APVO,Healthcare
APWC,Industrials
APYX,Healthcare
AQB,Consumer Defensive
AQMS,Industrials
AQN, Utilities
AQNA,
AQNB,
AQST,Healthcare
AQUA,Industrials
AR,Energy
ARAV,Healthcare
ARAY,Healthcare
ARC,Industrials
ARCB,Industrials
ARCC,Financial Services
ARCE,Consumer Defensive
ARCH,Energy
ARCO,Consumer Cyclical
ARCT,Healthcare
ARDC,
ARDS,Healthcare
ARDX,Healthcare
ARE,
AREC,Basic Materials
ARES,Financial Services
ARGD,
ARGO,Financial Services
ARGX,Healthcare
ARI,
ARKR,Consumer Cyclical
ARL,
ARLO,Industrials
ARLP,
ARMK,Industrials
ARMP,Healthcare
ARNA,
ARNC,Industrials
AROC,Energy
AROW,Financial Services
ARQT,Healthcare
ARR,
ARTL,Healthcare
ARTNA, Utilities
ARTW,Industrials
ARVN,Healthcare
ARW,Technology
ARWR,Healthcare
ASA,Financial Services
ASB,Financial Services
ASC,Industrials
ASG,
ASGN,Technology
ASH,Basic Materials
ASIX,Basic Materials
ASLN,Healthcare
ASM,Basic Materials
ASMB,Healthcare
ASML,Technology
ASND,Healthcare
ASPN,Industrials
ASPS,
ASPU,Consumer Defensive
ASR,Industrials
ASRT,Healthcare
ASRV,Financial Services
ASTC,Industrials
ASTE,Industrials
ASUR,Technology
ASX,Technology
ASYS,Technology
ATAX,
ATCO,Financial Services
ATCX,Industrials
ATEC,Healthcare
ATEN,Technology
ATEX,Communication Services
ATGE,Consumer Defensive
ATHE,Healthcare
ATHM,Communication Services
ATHX,Healthcare
ATI,Industrials
ATIF,Financial Services
ATKR,Industrials
ATLC,Financial Services
ATLO,Financial Services
ATMP,
ATNI,Communication Services
ATNM,Healthcare
ATNX,Healthcare
ATO, Utilities
ATOM,Technology
ATOS,Healthcare
ATR,Healthcare
ATRA,Healthcare
ATRC,Healthcare
ATRI,Healthcare
ATRO,Industrials
ATRS,
ATSG,Industrials
ATTO,Industrials
ATUS,Communication Services
ATVI,Communication Services
ATXI,Healthcare
AU,Basic Materials
AUB,Financial Services
AUBN,Financial Services
AUDC,Technology
AUMN,Basic Materials
AUPH,Healthcare
AUTL,Healthcare
AUTO,Communication Services
AUY,Basic Materials
AVA, Utilities
AVAL,Financial Services
AVAV,Industrials
AVB,
AVCO,
AVD,Basic Materials
AVDL,Healthcare
AVEO,Healthcare
AVGO,Technology
AVGOP,
AVGR,Healthcare
AVID,Communication Services
AVK,
AVLR,Technology
AVNS,Healthcare
AVNW,Technology
AVRO,Healthcare
AVT,Technology
AVTR,Basic Materials
AVXL,Healthcare
AVY,Industrials
AVYA,Technology
AWF,
AWI,Industrials
AWK, Utilities
AWP,
AWR, Utilities
AWRE,Technology
AWX,Industrials
AX,Financial Services
AXAS,
AXDX,Healthcare
AXGN,Healthcare
AXL,Consumer Cyclical
AXLA,Healthcare
AXNX,Healthcare
AXP,Financial Services
AXR,
AXS,Financial Services
AXSM,Healthcare
AXTA,Basic Materials
AXTI,Technology
AXU,Basic Materials
AY, Utilities
AYI,Industrials
AYTU,Healthcare
AYX,Technology
AZN,Healthcare
AZO,Consumer Cyclical
AZPN,Technology
AZRE, Utilities
AZUL,Industrials
AZZ,Industrials
B,Industrials
BA,Industrials
BABA,Consumer Cyclical
BAC,Financial Services
BAH,Industrials
BAK,Basic Materials
BAL,
BAM,Financial Services
BANC,Financial Services
BAND,Technology
BANF,Financial Services
BANFP,
BANR,Financial Services
BANX,Financial Services
BAP,Financial Services
BAR,
BATL,Energy
BATRA,Communication Services
BATRK,Communication Services
BAX,Healthcare
BB,Technology
BBAR,Financial Services
BBBY,Consumer Cyclical
BBCP,Industrials
BBD,Financial Services
BBDC,Financial Services
BBDO,Financial Services
BBGI,Communication Services
BBI,Healthcare
BBIO,Healthcare
BBN,
BBQ,Consumer Cyclical
BBSI,Industrials
BBU,
BBVA,Financial Services
BBW,Consumer Cyclical
BBY,Consumer Cyclical
BC,Consumer Cyclical
BCBP,Financial Services
BCC,Basic Materials
BCDA,Healthcare
BCE,Communication Services
BCEL,Healthcare
BCH,Financial Services
BCLI,Healthcare
BCM,
BCML,Financial Services
BCO,Industrials
BCOR,Financial Services
BCOV,Technology
BCOW,Financial Services
BCPC,Basic Materials
BCRX,Healthcare
BCS,Financial Services
BCSF,Financial Services
BCTF,
BCV,Financial Services
BCX,
BCYC,Healthcare
BDC,Technology
BDCS,
BDCZ,
BDJ,
BDL,Consumer Cyclical
BDN,
BDR,Technology
BDSI,
BDTX,Healthcare
BDX,Healthcare
BDXA,
BE,Industrials
BEAM,Healthcare
BEAT,Healthcare
BECN,Industrials
BEDU,Consumer Defensive
BELFA,Technology
BELFB,Technology
BEN,Financial Services
BEP,
BERY,Consumer Cyclical
BEST,Industrials
BFAM,Consumer Cyclical
BFC,Financial Services
BFIN,Financial Services
BFK,Financial Services
BFS,
BFST,Financial Services
BFZ,Financial Services
BG,Consumer Defensive
BGB,
BGCP,Financial Services
BGFV,Consumer Cyclical
BGH,
BGI,Consumer Cyclical
BGNE,Healthcare
BGR,Financial Services
BGS,Consumer Defensive
BGSF,Industrials
BGT,
BGX,
BGY,
BH,Consumer Cyclical
BHAT,Communication Services
BHB,Financial Services
BHC,Healthcare
BHE,Technology
BHF,Financial Services
BHFAL,
BHFAP,
BHK,Financial Services
BHLB,Financial Services
BHP,Basic Materials
BHR,
BHV,Financial Services
BHVN,Healthcare
BIDU,Communication Services
BIG,Consumer Defensive
BIIB,Healthcare
BILI,Communication Services
BILL,Technology
BIMI,Healthcare
BIO,Healthcare
BIOC,Healthcare
BIOL,Healthcare
BIOX,Basic Materials
BIP,
BIT,Financial Services
BJ,Consumer Defensive
BJRI,Consumer Cyclical
BK,Financial Services
BKCC,Financial Services
BKD,Healthcare
BKE,Consumer Cyclical
BKEP,
BKEPP,
BKH, Utilities
BKI,Technology
BKN,Financial Services
BKNG,Consumer Cyclical
BKR,Energy
BKSC,Financial Services
BKT,
BKTI,Technology
BKU,Financial Services
BKYI,Industrials
BL,Technology
BLBD,Consumer Cyclical
BLCM,Healthcare
BLD,Industrials
BLDP,Industrials
BLDR,Industrials
BLE,Financial Services
BLFS,Healthcare
BLIN,Technology
BLK,Financial Services
BLKB,Technology
BLMN,Consumer Cyclical
BLNK,Industrials
BLPH,Healthcare
BLRX,Healthcare
BLU,Healthcare
BLUE,Healthcare
BLW,Financial Services
BLX,Financial Services
BMA,Financial Services
BME,Financial Services
BMEZ,
BMI,Technology
BMLP,
BMO,Financial Services
BMRA,Healthcare
BMRC,Financial Services
BMRN,Healthcare
BMY,Healthcare
BNED,Consumer Cyclical
BNFT,Technology
BNGO,Healthcare
BNKD,
BNKO,
BNKU,
BNKZ,
BNS,Financial Services
BNSO,Technology
BNTC,Healthcare
BNTX,Healthcare
BNY,Financial Services
BOE,
BOH,Financial Services
BOKF,Financial Services
BOOM,Energy
BOOT,Consumer Cyclical
BORR,Energy
BOSC,Technology
BOTJ,Financial Services
BOX,Technology
BOXL,Technology
BP,Energy
BPMC,Healthcare
BPOP,Financial Services
BPOPM,
BPRN,Financial Services
BPT,
BPTH,Healthcare
BPYPN,
BPYPO,
BPYPP,
BR,Technology
BRBR,Consumer Defensive
BRBS,Financial Services
BRC,Industrials
BRFS,Consumer Defensive
BRG,
BRID,Consumer Defensive
BRKL,Financial Services
BRKR,Healthcare
BRMK,
BRN,Energy
BRO,Financial Services
BROG,Energy
BRP,Financial Services
BRQS,Technology
BRT,
BRX,
BRY,Energy
BSAC,Financial Services
BSBK,Financial Services
BSBR,Financial Services
BSET,Consumer Cyclical
BSGM,Healthcare
BSIG,Financial Services
BSL,
BSM,
BSMX,Financial Services
BSQR,Technology
BSRR,Financial Services
BST,
BSTZ,
BSVN,Financial Services
BSX,Healthcare
BTA,Financial Services
BTAI,Healthcare
BTG,Basic Materials
BTI,Consumer Defensive
BTN,Consumer Cyclical
BTO,
BTT,Financial Services
BTU,Energy
BTZ,Financial Services
BUD,Consumer Defensive
BUI,Financial Services
BURL,Consumer Cyclical
BUSE,Financial Services
BV,Industrials
BVN,Basic Materials
BVXV,Healthcare
BW,Industrials
BWA,Consumer Cyclical
BWAY,Healthcare
BWB,Financial Services
BWEN,Industrials
BWFG,Financial Services
BWG,
BWMX,Consumer Cyclical
BWXT,Industrials
BX,Financial Services
BXC,Industrials
BXMT,
BXMX,
BXP,
BXRX,Healthcare
BY,Financial Services
BYD,Consumer Cyclical
BYFC,Financial Services
BYM,Financial Services
BYND,Consumer Defensive
BYSI,Healthcare
BZH,Consumer Cyclical
BZUN,Consumer Cyclical
C,Financial Services
CAAP,Industrials
CAAS,Consumer Cyclical
CABA,Healthcare
CABO,Communication Services
CAC,Financial Services
CACC,Financial Services
CACI,Technology
CADE,Financial Services
CAE,Industrials
CAF,
CAG,Consumer Defensive
CAH,Healthcare
CAJ,Technology
CAKE,Consumer Cyclical
CAL,Consumer Cyclical
CALA,Healthcare
CALB,Financial Services
CALM,Consumer Defensive
CALX,Technology
CAMP,Technology
CAMT,Technology
CAN,Technology
CANF,Healthcare
CANG,Consumer Cyclical
CAPE,
CAPL,
CAPR,Healthcare
CAR,Industrials
CARA,Healthcare
CARE,Financial Services
CARG,Communication Services
CARR#,
CARS,Consumer Cyclical
CARV,Financial Services
CASA,Technology
CASH,Financial Services
CASI,Healthcare
CASS,Industrials
CASY,Consumer Cyclical
CAT,Industrials
CATC,Financial Services
CATO,Consumer Cyclical
CATY,Financial Services
CB,Financial Services
CBAN,Financial Services
CBAT,Industrials
CBAY,Healthcare
CBD,Consumer Cyclical
CBFV,Financial Services
CBH,
CBIO,Healthcare
CBL,
CBMB,
CBNK,Financial Services
CBOE,
CBRE,
CBRL,Consumer Cyclical
CBSH,Financial Services
CBT,Basic Materials
CBTX,Financial Services
CBU,Financial Services
CBZ,Industrials
CC,Basic Materials
CCAP,Financial Services
CCB,Financial Services
CCBG,Financial Services
CCD,
CCEP,Consumer Defensive
CCF,Basic Materials
CCI,
CCJ,Energy
CCK,Consumer Cyclical
CCL,Consumer Cyclical
CCLP,
CCM,Healthcare
CCMP,
CCNE,Financial Services
CCO,Communication Services
CCOI,Communication Services
CCRN,Healthcare
CCS,Consumer Cyclical
CCU,Consumer Defensive
CCXI,Healthcare
CCZ,
CDAY,Technology
CDE,Basic Materials
CDEV,Energy
CDK,
CDLX,Communication Services
CDMO,Healthcare
CDNA,Healthcare
CDNS,Technology
CDR,
CDTX,Healthcare
CDW,Technology
CDXC,Healthcare
CDXS,Healthcare
CDZI, Utilities
CE,Basic Materials
CEA,Industrials
CECE,Industrials
CEE,
CEI,Energy
CEIX,Energy
CELC,Healthcare
CELH,Consumer Defensive
CEM,
CEMI,Healthcare
CEN,
CENT,Consumer Defensive
CENTA,Consumer Defensive
CENX,Basic Materials
CEO,
CEPU, Utilities
CEQP,
CERN,
CERS,Healthcare
CET,Financial Services
CETX,Technology
CETXP,
CEV,Financial Services
CEVA,Technology
CF,Basic Materials
CFB,Financial Services
CFBK,Financial Services
CFFI,Financial Services
CFFN,Financial Services
CFG,Financial Services
CFMS,Healthcare
CFR,Financial Services
CFRX,Healthcare
CG,Financial Services
CGA,Basic Materials
CGBD,Financial Services
CGC,Healthcare
CGEN,Healthcare
CGNX,Technology
CGO,
CHCI,
CHCO,Financial Services
CHCT,
CHD,Consumer Defensive
CHDN,Consumer Cyclical
CHE,Healthcare
CHEF,Consumer Defensive
CHEK,Healthcare
CHGG,Consumer Defensive
CHH,Consumer Cyclical
CHI,
CHK,Energy
CHKP,Technology
CHMG,Financial Services
CHMI,
CHN,
CHNG,Healthcare
CHNGU,
CHNR,Industrials
CHPMU,
CHRA,Industrials
CHRS,Healthcare
CHRW,Industrials
CHS,Consumer Cyclical
CHSCL,
CHSCM,
CHSCN,
CHSCO,
CHSCP,
CHT,Communication Services
CHTR,Communication Services
CHUY,Consumer Cyclical
CHW,
CHWY,
CHY,
CI,Healthcare
CIA,Financial Services
CIB,Financial Services
CIDM,Communication Services
CIEN,Technology
CIF,
CIG, Utilities
CIGI,
CIH,Technology
CII,
CIK,
CIM,
CINF,Financial Services
CIO,
CIR,Industrials
CIVB,Financial Services
CIX,Industrials
CIZN,Financial Services
CJJD,Healthcare
CKPT,Healthcare
CKX,Energy
CL,Consumer Defensive
CLAR,Consumer Cyclical
CLB,Energy
CLBK,Financial Services
CLBS,Healthcare
CLDT,
CLDX,Healthcare
CLF,Basic Materials
CLFD,Technology
CLGN,Healthcare
CLH,Industrials
CLIR,Industrials
CLLS,Healthcare
CLM,
CLMT,
CLNE,Energy
CLPR,
CLPS,Technology
CLPT,Healthcare
CLR,Energy
CLRB,Healthcare
CLRO,Technology
CLS,Technology
CLSD,Healthcare
CLSK,Technology
CLSN,Healthcare
CLVS,Healthcare
CLW,Basic Materials
CLWT,Industrials
CLX,Consumer Defensive
CLXT,Consumer Defensive
CM,Financial Services
CMA,Financial Services
CMBM,Technology
CMC,Basic Materials
CMCL,Basic Materials
CMCM,Communication Services
CMCO,Industrials
CMCSA,Communication Services
CMCT,
CMCTP,
CME,Financial Services
CMG,Consumer Cyclical
CMI,Industrials
CMLS,Communication Services
CMP,Basic Materials
CMPR,Communication Services
CMRE,Industrials
CMRX,Healthcare
CMS, Utilities
CMSA,
CMSC,
CMSD,
CMT,Basic Materials
CMTL,Technology
CMU,Financial Services
CNA,Financial Services
CNC,Healthcare
CNCE,Healthcare
CNDT,Technology
CNET,Communication Services
CNF,Financial Services
CNFR,Financial Services
CNFRL,
CNHI,Industrials
CNI,Industrials
CNK,Communication Services
CNMD,Healthcare
CNNB,Financial Services
CNNE,Consumer Cyclical
CNO,Financial Services
CNOB,Financial Services
CNP, Utilities
CNQ,Energy
CNR,Industrials
CNS,Financial Services
CNSL,Communication Services
CNSP,Healthcare
CNTG,Healthcare
CNTY,Consumer Cyclical
CNX,Energy
CNXN,Technology
CO,Healthcare
COCP,Healthcare
CODA,Industrials
CODI,Industrials
CODX,Healthcare
COE,Consumer Defensive
COF,Financial Services
COFS,Financial Services
COHN,Financial Services
COHR,
COHU,Technology
COKE,Consumer Defensive
COLB,Financial Services
COLD,
COLL,Healthcare
COLM,Consumer Cyclical
COMM,Technology
CONN,Consumer Cyclical
COO,Healthcare
COOP,Financial Services
COP,Energy
CORR,
CORT,Healthcare
COST,Consumer Defensive
COTY,Consumer Defensive
COUP,Technology
COW,
COWN,Financial Services
COWNL,
CP,Industrials
CPA,Industrials
CPAA,Financial Services
CPAAU,
CPAC,Basic Materials
CPB,Consumer Defensive
CPE,Energy
CPF,Financial Services
CPG,Energy
CPHC,Consumer Cyclical
CPHI,Healthcare
CPIX,Healthcare
CPK, Utilities
CPLP,
CPRI,Consumer Cyclical
CPRT,Consumer Cyclical
CPRX,Healthcare
CPS,Consumer Cyclical
CPSH,Technology
CPSI,Healthcare
CPSS,Financial Services
CPT,
CPTAG,
CPTAL,
CPZ,
CQP,
CR,Industrials
CRAI,Industrials
CRBP,Healthcare
CRC,Energy
CREG, Utilities
CRESY,Industrials
CREX,Technology
CRF,
CRH,Basic Materials
CRI,Consumer Cyclical
CRIS,Healthcare
CRK,Energy
CRL,Healthcare
CRM,Technology
CRMD,Healthcare
CRMT,Consumer Cyclical
CRNC,Technology
CRNT,Technology
CRNX,Healthcare
CROC,
CRON,Healthcare
CROX,Consumer Cyclical
CRS,Industrials
CRSP,Healthcare
CRT,Energy
CRTO,Communication Services
CRTX,Healthcare
CRUS,Technology
CRVL,Financial Services
CRVS,Healthcare
CRWD,Technology
CRWS,Consumer Cyclical
CS,Financial Services
CSBR,Healthcare
CSCO,Technology
CSGP,
CSGS,Technology
CSII,Healthcare
CSIQ,Technology
CSL,Industrials
CSPI,Technology
CSQ,
CSSE,Communication Services
CSSEP,
CSTE,Industrials
CSTL,Healthcare
CSTM,Basic Materials
CSTR,Financial Services
CSV,Consumer Cyclical
CSWC,Financial Services
CSWI,Industrials
CSX,Industrials
CTAS,Industrials
CTBB,
CTBI,Financial Services
CTDD,
CTEK,Technology
CTG,Technology
CTHR,Consumer Cyclical
CTIB,Consumer Cyclical
CTIC,Healthcare
CTK,
CTLT,Healthcare
CTMX,Healthcare
CTO,
CTR,
CTRA,Energy
CTRE,
CTRM,Industrials
CTRN,Consumer Cyclical
CTS,Technology
CTSH,Technology
CTSO,Healthcare
CTT,
CTV,Communication Services
CTVA,Basic Materials
CTXR,Healthcare
CTXS,Technology
CTZ,
CUBA,
CUBB,
CUBE,
CUBI,Financial Services
CUE,Healthcare
CUK,Consumer Cyclical
CULP,Consumer Cyclical
CURO,Financial Services
CUTR,Healthcare
CUZ,
CVBF,Financial Services
CVCO,Consumer Cyclical
CVCY,Financial Services
CVE,Energy
CVEO,Industrials
CVET,Healthcare
CVGI,Consumer Cyclical
CVGW,Consumer Defensive
CVI,Energy
CVLT,Technology
CVLY,Financial Services
CVM,Healthcare
CVNA,Consumer Cyclical
CVR,Industrials
CVS,Healthcare
CVU,
CVV,Industrials
CVX,Energy
CW,Industrials
CWBC,Financial Services
CWBR,Healthcare
CWCO, Utilities
CWEN, Utilities
CWH,Consumer Cyclical
CWK,
CWST,Industrials
CWT, Utilities
CX,Basic Materials
CXDC,
CXE,Financial Services
CXH,Financial Services
CXW,
CYAD,Healthcare
CYAN,Consumer Defensive
CYBE,Technology
CYBR,Technology
CYCC,Healthcare
CYCCP,
CYCN,Healthcare
CYD,Industrials
CYH,Healthcare
CYRN,Technology
CYRX,Industrials
CYTK,Healthcare
CZNC,Financial Services
CZR,Consumer Cyclical
CZWI,Financial Services
D, Utilities
DAC,Industrials
DAIO,Technology
DAKT,Technology
DAL,Industrials
DAN,Consumer Cyclical
DAO,Consumer Defensive
DAR,Consumer Defensive
DARE,Healthcare
DAUD,
DAVA,Technology
DB,Financial Services
DBD,Technology
DBI,Consumer Cyclical
DBL,
DBVT,Healthcare
DBX,Technology
DCF,
DCHF,
DCI,Industrials
DCO,Industrials
DCOM,Financial Services
DCOMP,
DCP,
DCPH,Healthcare
DCUE,
DD,Basic Materials
DDD,Technology
DDF,
DDOG,Technology
DDS,Consumer Cyclical
DDT,
DE,Industrials
DEA,
DECK,Consumer Cyclical
DEI,
DELL,Technology
DENN,Consumer Cyclical
DEO,Consumer Defensive
DESP,Consumer Cyclical
DEUR,
DEX,
DFFN,Healthcare
DFIN,Financial Services
DFP,
DFS,Financial Services
DFVL,
DFVS,
DG,Consumer Defensive
DGAZ,
DGBP,
DGICA,Financial Services
DGICB,Financial Services
DGII,Technology
DGLD,
DGLY,Industrials
DGP,
DGX,Healthcare
DGZ,
DHC,
DHCNI,
DHF,
DHI,Consumer Cyclical
DHIL,Financial Services
DHR,Healthcare
DHT,Energy
DHX,Industrials
DHY,
DIAX,
DIN,Consumer Cyclical
DIOD,Technology
DIS,Communication Services
DISH,Communication Services
DIT,Consumer Defensive
DIVC,
DJCI,
DJCO,Technology
DJP,
DJPY,
DK,Energy
DKL,
DKS,Consumer Cyclical
DLA,Consumer Cyclical
DLB,Technology
DLHC,Industrials
DLNG,
DLPN,Communication Services
DLR,
DLTH,Consumer Cyclical
DLTR,Consumer Defensive
DLX,Communication Services
DLY,
DMAC,Healthcare
DMB,
DMF,Financial Services
DMLP,
DMO,
DMRC,Technology
DMTK,Healthcare
DNLI,Healthcare
DNN,Energy
DNOW,Energy
DNP,
DO,Energy
DOC,
DOCU,Technology
DOGZ,Consumer Defensive
DOMO,Technology
DOOO,Consumer Cyclical
DOOR,Industrials
DORM,Consumer Cyclical
DOV,Industrials
DOW,Basic Materials
DOX,Technology
DOYU,Communication Services
DPG,
DPZ,Consumer Cyclical
DQ,Technology
DRD,Basic Materials
DRE,
DRH,
DRI,Consumer Cyclical
DRIO,Healthcare
DRQ,Energy
DRR,
DRRX,Healthcare
DRTT,Industrials
DRUA,
DS,Consumer Cyclical
DSGX,Technology
DSKE,Industrials
DSL,
DSLV,
DSM,
DSS,Consumer Cyclical
DSU,
DSWL,Technology
DSX,Industrials
DT,Technology
DTE, Utilities
DTEA,Consumer Defensive
DTF,Financial Services
DTIL,Healthcare
DTJ,
DTO,
DTP,
DTSS,Technology
DTUL,
DTUS,
DTW,
DTY,
DTYL,
DUK, Utilities
DUKB,
DUKH,
DUO,
DUOT,Technology
DVA,Healthcare
DVAX,Healthcare
DVN,Energy
DWSN,Energy
DX,
DXC,Technology
DXCM,Healthcare
DXF,Financial Services
DXLG,Consumer Cyclical
DXPE,Industrials
DXR,Healthcare
DXYN,Consumer Cyclical
DY,Industrials
DYAI,Healthcare
DYNT,Healthcare
DZSI,Technology
DZZ,
E,Energy
EA,Communication Services
EAD,
EAF,Industrials
EAI,
EARN,
EAST,Consumer Defensive
EAT,Consumer Cyclical
EB,Technology
EBAY,Consumer Cyclical
EBF,Industrials
EBIX,Technology
EBMT,Financial Services
EBR, Utilities
EBS,Healthcare
EBTC,Financial Services
EC,Energy
ECC,
ECCX,
ECCY,
ECF,Financial Services
ECL,Basic Materials
ECOL,
ECOM,Technology
ECOR,Healthcare
ECPG,Financial Services
ED, Utilities
EDAP,Healthcare
EDD,
EDF,
EDI,
EDIT,Healthcare
EDN, Utilities
EDRY,Industrials
EDSA,Healthcare
EDU,Consumer Defensive
EDUC,Communication Services
EE, Utilities
EEA,
EEFT,Technology
EEH,
EEX,Communication Services
EFC,
EFL,
EFOI,Consumer Cyclical
EFR,Financial Services
EFSC,Financial Services
EFT,Financial Services
EFX,Industrials
EGAN,Technology
EGBN,Financial Services
EGF,
EGHT,Technology
EGLE,Industrials
EGO,Basic Materials
EGP,
EGRX,Healthcare
EGY,Energy
EH,Industrials
EHC,Healthcare
EHI,
EHTH,Financial Services
EIC,
EIG,Financial Services
EIGR,Healthcare
EIM,
EIX, Utilities
EKSO,Healthcare
EL,Consumer Defensive
ELA,Consumer Cyclical
ELAN,Healthcare
ELAT,
ELC,
ELF,Consumer Defensive
ELLO, Utilities
ELMD,Healthcare
ELOX,Healthcare
ELP, Utilities
ELS,
ELSE,Technology
ELTK,Technology
ELU,
ELVT,Financial Services
ELY,Consumer Cyclical
EMAN,Technology
EMCF,Financial Services
EMD,
EME,Industrials
EMF,
EMKR,Technology
EML,Industrials
EMMS,
EMN,Basic Materials
EMO,
EMP,
EMR,Industrials
EMX,Basic Materials
ENB,Energy
ENBA,
ENDP,Healthcare
ENG,Industrials
ENIA,
ENIC, Utilities
ENJ,
ENLC,
ENLV,Healthcare
ENO,
ENOB,Healthcare
ENPH,Technology
ENR,Industrials
ENS,Industrials
ENSG,Healthcare
ENSV,Energy
ENTA,Healthcare
ENTG,Technology
ENTX,Healthcare
ENV,Technology
ENVA,Financial Services
ENX,Financial Services
ENZ,Healthcare
EOD,
EOG,Energy
EOI,
EOLS,Healthcare
EOS,
EOT,Financial Services
EPAC,Industrials
EPAM,Technology
EPC,Consumer Defensive
EPD,
EPIX,Healthcare
EPM,Energy
EPR,
EPRT,
EPSN,Energy
EPZM,Healthcare
EQ,Healthcare
EQBK,Financial Services
EQC,
EQH,Financial Services
EQIX,
EQNR,Energy
EQR,
EQS,Financial Services
EQT,Energy
EQX,Basic Materials
ERC,Financial Services
ERF,Energy
ERH,
ERIC,Technology
ERIE,Financial Services
ERII,Industrials
ERJ,Industrials
ERYP,Healthcare
ES, Utilities
ESBA,
ESCA,Consumer Cyclical
ESE,Technology
ESEA,Industrials
ESGR,Financial Services
ESGRO,
ESGRP,
ESI,Basic Materials
ESLT,Industrials
ESNT,Financial Services
ESP,Industrials
ESPR,Healthcare
ESQ,Financial Services
ESRT,
ESS,
ESSA,Financial Services
ESSC,Financial Services
ESSCU,
ESTA,Healthcare
ESTC,Technology
ESTE,Energy
ET,
ETB,
ETG,
ETJ,
ETN,Industrials
ETNB,Healthcare
ETO,
ETON,Healthcare
ETR, Utilities
ETRN,Energy
ETSY,Consumer Cyclical
ETTX,
ETV,
ETW,
ETX,Financial Services
ETY,
EUFX,
EURN,Energy
EVA,Basic Materials
EVBG,Technology
EVBN,Financial Services
EVC,Communication Services
EVER,Communication Services
EVF,Financial Services
EVFM,Healthcare
EVG,
EVGBC,
EVGN,Healthcare
EVH,Healthcare
EVI,Industrials
EVK,Consumer Cyclical
EVLMC,
EVLO,Healthcare
EVM,Financial Services
EVN,Financial Services
EVOK,Healthcare
EVOL,
EVOP,Technology
EVR,Financial Services
EVRG, Utilities
EVRI,Consumer Cyclical
EVSTC,
EVT,
EVTC,Technology
EVV,
EVY,
EW,Healthcare
EWBC,Financial Services
EXAS,Healthcare
EXC, Utilities
EXD,
EXEL,Healthcare
EXG,
EXK,Basic Materials
EXLS,Technology
EXP,Basic Materials
EXPD,Industrials
EXPE,Consumer Cyclical
EXPI,
EXPO,Industrials
EXPR,Consumer Cyclical
EXR,
EXTN,Energy
EXTR,Technology
EYE,Consumer Cyclical
EYEN,Healthcare
EYES,Healthcare
EYPT,Healthcare
EZPW,Financial Services
EZT,
F,Consumer Cyclical
FAF,Financial Services
FAM,
FAMI,Consumer Defensive
FANG,Energy
FANH,Financial Services
FARM,Consumer Defensive
FARO,Technology
FAST,Industrials
FAT,Consumer Cyclical
FATE,Healthcare
FAX,
FB,
FBC,Financial Services
FBGX,
FBHS,Industrials
FBIO,Healthcare
FBIOP,
FBIZ,Financial Services
FBK,Financial Services
FBMS,Financial Services
FBNC,Financial Services
FBP,Financial Services
FC,Industrials
FCAP,Financial Services
FCBC,Financial Services
FCCO,Financial Services
FCEL,Industrials
FCF,Financial Services
FCFS,Financial Services
FCN,Industrials
FCNCA,Financial Services
FCNCP,
FCO,Financial Services
FCPT,
FCT,
FCX,Basic Materials
FDBC,Financial Services
FDEU,
FDP,Consumer Defensive
FDS,Financial Services
FDUS,Financial Services
FDX,Industrials
FE, Utilities
FEDU,Consumer Defensive
FEI,
FEIM,Technology
FELE,Industrials
FEN,
FENC,Healthcare
FENG,Communication Services
FEO,
FET,Energy
FEUL,
FF,Basic Materials
FFA,
FFBC,Financial Services
FFBW,Financial Services
FFC,
FFEU,
FFHL,Consumer Cyclical
FFIC,Financial Services
FFIN,Financial Services
FFIV,Technology
FFNW,Financial Services
FFWM,Financial Services
FGB,
FGBI,Financial Services
FGEN,Healthcare
FHB,Financial Services
FHI,Financial Services
FHN,Financial Services
FIBK,Financial Services
FICO,Technology
FIEE,
FIF,
FIHD,
FINS,
FINV,Financial Services
FIS,Technology
FISI,Financial Services
FISK,
FISV,Technology
FITB,Financial Services
FITBI,
FITBO,
FITBP,
FIVE,Consumer Cyclical
FIVN,Technology
FIX,Industrials
FIXX,Healthcare
FIYY,
FIZZ,Consumer Defensive
FL,Consumer Cyclical
FLAT,
FLC,
FLEX,Technology
FLGE,
FLGT,Healthcare
FLIC,Financial Services
FLL,Consumer Cyclical
FLMN,
FLNG,Energy
FLNT,Communication Services
FLO,Consumer Defensive
FLR,Industrials
FLS,Industrials
FLT,Technology
FLWS,Consumer Cyclical
FLXS,Consumer Cyclical
FMAO,Financial Services
FMBH,Financial Services
FMC,Basic Materials
FMN,
FMNB,Financial Services
FMO,
FMS,Healthcare
FMX,Consumer Defensive
FMY,
FN,Technology
FNB,Financial Services
FNCB,Financial Services
FND,Consumer Cyclical
FNF,Financial Services
FNGD,
FNGO,
FNGU,
FNGZ,
FNHC,Financial Services
FNKO,Consumer Cyclical
FNLC,Financial Services
FNV,Basic Materials
FNWB,Financial Services
FOCS,Financial Services
FOF,
FOLD,Healthcare
FONR,Healthcare
FOR,
FORD,Consumer Cyclical
FORM,Technology
FORR,Industrials
FORTY,Technology
FOSL,Consumer Cyclical
FOX,Communication Services
FOXA,Communication Services
FOXF,Consumer Cyclical
FPAC,Financial Services
FPAY,Industrials
FPF,
FPH,
FPI,
FPL,
FR,
FRA,
FRAF,Financial Services
FRBA,Financial Services
FRBK,Financial Services
FRC,Financial Services
FRD,Basic Materials
FREQ,Healthcare
FRG,Consumer Cyclical
FRGI,Consumer Cyclical
FRHC,Financial Services
FRLG,
FRME,Financial Services
FRO,Energy
FRPH,
FRPT,Consumer Defensive
FRSX,Consumer Cyclical
FRT,
FSBC,Financial Services
FSBW,Financial Services
FSD,
FSEA,Financial Services
FSFG,Financial Services
FSI,Basic Materials
FSK,Financial Services
FSLR,Technology
FSLY,Technology
FSM,Basic Materials
FSP,
FSS,Industrials
FSTR,Industrials
FSV,
FT,Financial Services
FTAI,Industrials
FTCH,Consumer Cyclical
FTDR,Consumer Cyclical
FTEK,Industrials
FTF,
FTFT,Technology
FTI,Energy
FTK,Energy
FTNT,Technology
FTS, Utilities
FTV,Technology
FUD,
FUE,
FUL,Basic Materials
FULC,Healthcare
FULT,Financial Services
FUN,Consumer Cyclical
FUNC,Financial Services
FUND,Financial Services
FUSB,Financial Services
FUTU,Financial Services
FUV,Consumer Cyclical
FVCB,Financial Services
FVRR,
FWONA,Communication Services
FWONK,Communication Services
FWP,Healthcare
FWRD,Industrials
FXNC,Financial Services
G,Technology
GAB,
GABC,Financial Services
GAIA,Communication Services
GAIN,Financial Services
GALT,Healthcare
GAM,Financial Services
GASS,Industrials
GATX,Industrials
GAZ,
GBAB,Financial Services
GBCI,Financial Services
GBDC,Financial Services
GBL,Financial Services
GBLI,Financial Services
GBR,
GBT,Healthcare
GBX,Industrials
GCBC,Financial Services
GCE,
GCI,Communication Services
GCO,Consumer Cyclical
GCP,Basic Materials
GCV,
GD,Industrials
GDDY,Technology
GDEN,Consumer Cyclical
GDL,
GDO,
GDOT,Financial Services
GDS,Technology
GDV,
GDYN,Technology
GE,Industrials
GECC,Financial Services
GECCN,
GEF,Consumer Cyclical
GEL,
GENC,Industrials
GENE,Healthcare
GEO,
GEOS,Energy
GER,
GERN,Healthcare
GES,Consumer Cyclical
GEVO,Basic Materials
GF,
GFF,Industrials
GFI,Basic Materials
GFL,Industrials
GFLU,
GGAL,Financial Services
GGB,Basic Materials
GGG,Industrials
GGN,
GGT,Financial Services
GGZ,Financial Services
GH,Healthcare
GHC,Consumer Defensive
GHG,Consumer Cyclical
GHL,Financial Services
GHM,Industrials
GHSI,Healthcare
GHY,
GIB,Technology
GIFI,Industrials
GIGM,Communication Services
GIII,Consumer Cyclical
GIL,Consumer Cyclical
GILD,Healthcare
GILT,Technology
GIM,
GIS,Consumer Defensive
GJH,
GJO,
GJP,
GJR,
GJS,
GJT,
GKOS,Healthcare
GL,Financial Services
GLAD,Financial Services
GLADD,
GLBS,Industrials
GLBZ,Financial Services
GLDD,Industrials
GLDI,
GLG,Basic Materials
GLIBP,
GLMD,Healthcare
GLNG,Energy
GLO,
GLOB,Technology
GLOP,
GLP,
GLPG,Healthcare
GLPI,
GLQ,
GLRE,Financial Services
GLT,Basic Materials
GLU,Financial Services
GLV,
GLW,Technology
GLYC,Healthcare
GM,Consumer Cyclical
GMAB,Healthcare
GMDA,Healthcare
GME,Consumer Cyclical
GMED,Healthcare
GMRE,
GMS,Industrials
GMTA,
GNAF,
GNCA,
GNE, Utilities
GNFT,Healthcare
GNK,Industrials
GNL,
GNLN,Consumer Defensive
GNPX,Healthcare
GNRC,Industrials
GNRSU,
GNSS,Technology
GNT,Financial Services
GNTX,Consumer Cyclical
GNTY,Financial Services
GNUS,Communication Services
GNW,Financial Services
GO,Consumer Defensive
GOF,
GOGL,Industrials
GOGO,Communication Services
GOL,Industrials
GOLD,Basic Materials
GOLF,Consumer Cyclical
GOOD,
GOODN,
GOOG,Communication Services
GOOGL,Communication Services
GOOS,Consumer Cyclical
GORO,Basic Materials
GOSS,Healthcare
GPC,Consumer Cyclical
GPI,Consumer Cyclical
GPJA,
GPK,Consumer Cyclical
GPL,Basic Materials
GPMT,
GPN,Industrials
GPOR,Energy
GPP,
GPRE,Basic Materials
GPRK,Energy
GPRO,Technology
GPS,Consumer Cyclical
GRBK,Consumer Cyclical
GRC,Industrials
GRF,Financial Services
GRFS,Healthcare
GRIL,Consumer Cyclical
GRIN,Industrials
GRMN,Technology
GRN,
GRNQ,Industrials
GROW,Financial Services
GRPN,Communication Services
GRTS,Healthcare
GRTX,Healthcare
GRU,
GRVY,Communication Services
GRWG,Consumer Cyclical
GRX,Financial Services
GS,Financial Services
GSAT,Communication Services
GSBC,Financial Services
GSBD,Financial Services
GSC,
GSHD,Financial Services
GSIT,Technology
GSK,Healthcare
GSKY,
GSL,Industrials
GSLD,
GSM,Basic Materials
GSMG,Communication Services
GSP,
GSS,
GSV,Basic Materials
GT,Consumer Cyclical
GTE,Energy
GTEC,Industrials
GTES,Industrials
GTHX,Healthcare
GTIM,Consumer Cyclical
GTLS,Industrials
GTN,Communication Services
GTX,Consumer Cyclical
GTY,
GTYH,
GURE,Basic Materials
GUT,
GVA,Industrials
GVP,Technology
GWRE,Technology
GWRS, Utilities
GWW,Industrials
GYC,
GYRO,
H,Consumer Cyclical
HA,Industrials
HAE,Healthcare
HAFC,Financial Services
HAIN,Consumer Defensive
HAL,Energy
HALL,Financial Services
HALO,Healthcare
HAPP,Consumer Defensive
HARP,Healthcare
HAS,Consumer Cyclical
HASI,
HAYN,Industrials
HBAN,Financial Services
HBB,Consumer Cyclical
HBCP,Financial Services
HBI,Consumer Cyclical
HBIO,Healthcare
HBM,Basic Materials
HBNC,Financial Services
HBP,
HBT,Financial Services
HCA,Healthcare
HCAT,Healthcare
HCC,Basic Materials
HCCI,Industrials
HCI,Financial Services
HCKT,Technology
HCM,Healthcare
HCSG,Healthcare
HCXY,
HCXZ,
HD,Consumer Cyclical
HDB,Financial Services
HDSN,Basic Materials
HE, Utilities
HEAR,Technology
HEES,Industrials
HEI,Industrials
HELE,Consumer Defensive
HEP,
HEPA,Healthcare
HEQ,
HES,Energy
HESM,Energy
HEXO,Healthcare
HFBL,Financial Services
HFFG,Consumer Defensive
HFRO,
HFWA,Financial Services
HGLB,
HGV,Consumer Cyclical
HHC,
HHR,
HHS,Communication Services
HI,Industrials
HIBB,Consumer Cyclical
HIE,
HIFS,Financial Services
HIG,Financial Services
HIHO,Industrials
HII,Industrials
HIL,Industrials
HIMX,Technology
HIO,
HIW,
HIX,
HL,Basic Materials
HLF,Consumer Defensive
HLG,Consumer Defensive
HLI,Financial Services
HLIO,Industrials
HLIT,Technology
HLNE,Financial Services
HLT,Consumer Cyclical
HLX,Energy
HMC,Consumer Cyclical
HMLP,
HMN,Financial Services
HMNF,Financial Services
HMST,Financial Services
HMTV,Communication Services
HMY,Basic Materials
HNGR,Healthcare
HNI,Industrials
HNNA,Financial Services
HNP, Utilities
HNRG,Energy
HNW,Financial Services
HOFT,Consumer Cyclical
HOG,Consumer Cyclical
HOLI,Industrials
HOLX,Healthcare
HOMB,Financial Services
HON,Industrials
HONE,Financial Services
HOOK,Healthcare
HOPE,Financial Services
HOTH,Healthcare
HOV,Consumer Cyclical
HOVNP,
HP,Energy
HPE,Technology
HPF,
HPI,
HPP,
HPQ,Technology
HPS,
HQH,Financial Services
HQI,Industrials
HQL,Financial Services
HQY,Healthcare
HR,
HRB,Consumer Cyclical
HRI,Industrials
HRL,Consumer Defensive
HROW,Healthcare
HRTG,Financial Services
HRTX,Healthcare
HRZN,Financial Services
HSBC,Financial Services
HSC,Industrials
HSDT,Healthcare
HSIC,Healthcare
HSII,Industrials
HSKA,Healthcare
HSON,Industrials
HST,
HSTM,Healthcare
HSY,Consumer Defensive
HT,
HTA,
HTBI,Financial Services
HTBK,Financial Services
HTD,
HTFA,
HTGC,Financial Services
HTGM,Healthcare
HTH,Financial Services
HTHT,Consumer Cyclical
HTIA,
HTLD,Industrials
HTLF,Financial Services
HTY,
HTZ,Industrials
HUBB,Industrials
HUBG,Industrials
HUBS,Technology
HUGE,Healthcare
HUIZ,Financial Services
HUM,Healthcare
HUN,Basic Materials
HURC,Industrials
HURN,Industrials
HUSA,Energy
HUYA,Communication Services
HVBC,Financial Services
HVT,Consumer Cyclical
HWBK,Financial Services
HWC,Financial Services
HWKN,Basic Materials
HXL,Industrials
HY,Industrials
HYAC,
HYACU,
HYB,
HYI,
HYRE,Industrials
HYT,
HZN,Consumer Cyclical
HZNP,Healthcare
HZO,Consumer Cyclical
IAA,Industrials
IAC,Communication Services
IAE,
IAF,
IAG,Basic Materials
IART,Healthcare
IBA,Consumer Defensive
IBCP,Financial Services
IBIO,Healthcare
IBKR,Financial Services
IBM,Technology
IBN,Financial Services
IBOC,Financial Services
IBP,Industrials
IBTX,Financial Services
ICAD,Healthcare
ICCC,Healthcare
ICCH,Financial Services
ICD,Energy
ICE,Financial Services
ICFI,Industrials
ICHR,Technology
ICL,Basic Materials
ICLK,Communication Services
ICLR,Healthcare
ICMB,Financial Services
ICPT,Healthcare
ICUI,Healthcare
IDA, Utilities
IDCC,Communication Services
IDE,
IDEX,Industrials
IDN,Technology
IDRA,Healthcare
IDT,Communication Services
IDXG,
IDXX,Healthcare
IDYA,Healthcare
IEA,Industrials
IEP,
IESC,Industrials
IEX,Industrials
IFF,Basic Materials
IFMK,
IFN,
IFRX,Healthcare
IFS,Financial Services
IGA,
IGC,Industrials
IGD,
IGI,Financial Services
IGIC,Financial Services
IGMS,Healthcare
IGR,
IGT,Consumer Cyclical
IHD,
IHG,Consumer Cyclical
IHIT,
IHRT,Communication Services
IHT,
IHTA,
IIF,
III,Technology
IIIN,Industrials
IIIV,Technology
IIM,Financial Services
IIN,
IIPR,
IIVI,Technology
ILMN,Healthcare
ILPT,
IMAB,Healthcare
IMAC,Healthcare
IMAX,Communication Services
IMBI,Consumer Cyclical
IMGN,Healthcare
IMH,Financial Services
IMKTA,Consumer Defensive
IMLP,
IMMP,Healthcare
IMMR,Technology
IMO,Energy
IMOS,Technology
IMRA,Healthcare
IMRN,Healthcare
IMTE,Technology
IMUX,Healthcare
IMV,Healthcare
IMVT,Healthcare
IMXI,Technology
INBK,Financial Services
INBKZ,
INCY,Healthcare
INDB,Financial Services
INDO,Energy
INFI,Healthcare
INFN,Technology
INFU,Healthcare
INFY,Technology
ING,Financial Services
INGN,Healthcare
INGR,Consumer Defensive
INMB,Healthcare
INMD,Healthcare
INN,
INO,Healthcare
INOD,Technology
INPX,Technology
INSE,Consumer Cyclical
INSG,Technology
INSI,
INSM,Healthcare
INSP,Healthcare
INSW,Energy
INT,Energy
INTC,Technology
INTG,Consumer Cyclical
INTT,Technology
INTU,Technology
INUV,Communication Services
INVA,Healthcare
INVE,Technology
INVH,
IO,
IONS,Healthcare
IOR,Financial Services
IOSP,Basic Materials
IOVA,Healthcare
IP,Consumer Cyclical
IPAR,Consumer Defensive
IPDN,Industrials
IPG,Communication Services
IPGP,Technology
IPHA,Healthcare
IPI,Basic Materials
IPWR,Industrials
IQ,Communication Services
IQI,Financial Services
IQV,Healthcare
IR,Industrials
IRBT,Consumer Cyclical
IRCP,
IRDM,Communication Services
IRIX,Healthcare
IRL,
IRM,
IRMD,Healthcare
IROQ,Financial Services
IRS,Industrials
IRT,
IRTC,Healthcare
IRWD,Healthcare
ISBC,
ISD,
ISDR,Technology
ISEE,Healthcare
ISIG,Communication Services
ISR,Healthcare
ISRG,Healthcare
ISSC,Industrials
ISTR,Financial Services
IT,Technology
ITCB,Financial Services
ITCI,Healthcare
ITGR,Healthcare
ITI,Technology
ITIC,Financial Services
ITP,Basic Materials
ITRI,Technology
ITRM,Healthcare
ITRN,Technology
ITT,Industrials
ITUB,Financial Services
ITW,Industrials
IVAC,Industrials
IVC,Healthcare
IVH,
IVR,
IVZ,Financial Services
IX,Financial Services
IZEA,Communication Services
J,Industrials
JACK,Consumer Cyclical
JAGX,Healthcare
JAKK,Consumer Cyclical
JAN,Industrials
JAZZ,Healthcare
JBGS,
JBHT,Industrials
JBK,
JBL,Technology
JBLU,Industrials
JBR,
JBSS,Consumer Defensive
JBT,Industrials
JCE,
JCI,Industrials
JCO,
JCTCF,Basic Materials
JD,Consumer Cyclical
JE,
JEF,Financial Services
JELD,Industrials
JEMD,
JEQ,
JFIN,Communication Services
JFR,
JFU,Technology
JG,Technology
JGH,
JHAA,
JHG,Financial Services
JHI,Financial Services
JHS,Financial Services
JHX,Basic Materials
JILL,Consumer Cyclical
JJA,
JJC,
JJE,
JJG,
JJM,
JJN,
JJP,
JJS,
JJSF,Consumer Defensive
JJT,
JJU,
JKHY,Technology
JKS,Technology
JLL,
JLS,
JMIA,Consumer Cyclical
JMM,
JMPNL,
JNCE,Healthcare
JNJ,Healthcare
JNPR,Technology
JO,
JOB,Industrials
JOE,
JOF,
JOUT,Consumer Cyclical
JP,
JPC,
JPI,
JPM,Financial Services
JPS,
JPT,
JQC,
JRI,
JRO,
JRS,
JRSH,Consumer Cyclical
JRVR,Financial Services
JSD,
JSM,
JT,Financial Services
JVA,Consumer Defensive
JWN,Consumer Cyclical
JYNT,Healthcare
K,Consumer Defensive
KAI,Industrials
KALA,Healthcare
KALU,Basic Materials
KALV,Healthcare
KAMN,Industrials
KAR,Consumer Cyclical
KB,Financial Services
KBAL,Consumer Cyclical
KBH,Consumer Cyclical
KBR,Industrials
KDP,Consumer Defensive
KE,Industrials
KELYA,Industrials
KELYB,Industrials
KEN, Utilities
KEP, Utilities
KEQU,Consumer Cyclical
KERN,Healthcare
KEX,Industrials
KEY,Financial Services
KEYS,Technology
KF,
KFFB,Financial Services
KFRC,Industrials
KFS,Consumer Cyclical
KFY,Industrials
KGC,Basic Materials
KGJI,
KHC,Consumer Defensive
KIDS,Healthcare
KIM,
KINS,Financial Services
KIO,
KIQ,Industrials
KIRK,Consumer Cyclical
KKR,Financial Services
KLAC,Technology
KLDO,
KLIC,Technology
KLR,Technology
KLXE,Energy
KMB,Consumer Defensive
KMDA,Healthcare
KMF,
KMI,Energy
KMPH,Healthcare
KMPR,Financial Services
KMT,Industrials
KMX,Consumer Cyclical
KN,Technology
KNAB,
KNDI,Consumer Cyclical
KNOP,
KNSA,Healthcare
KNSL,Financial Services
KNX,Industrials
KO,Consumer Defensive
KOD,Healthcare
KODK,Industrials
KOF,Consumer Defensive
KOP,Basic Materials
KOPN,Technology
KOS,Energy
KOSS,Technology
KPTI,Healthcare
KR,Consumer Defensive
KRC,
KREF,
KRG,
KRKR,Communication Services
KRMD,Healthcare
KRNT,Industrials
KRNY,Financial Services
KRO,Basic Materials
KRP,
KRTX,Healthcare
KRUS,Consumer Cyclical
KRYS,Healthcare
KSM,
KSS,Consumer Cyclical
KT,Communication Services
KTB,Consumer Cyclical
KTCC,Technology
KTF,Financial Services
KTH,
KTN,
KTOS,Industrials
KURA,Healthcare
KVHI,Technology
KW,
KWR,Basic Materials
KXIN,Consumer Cyclical
KYN,Financial Services
KZIA,Healthcare
KZR,Healthcare
L,Financial Services
LAC,Basic Materials
LAD,Consumer Cyclical
LADR,
LAKE,Consumer Cyclical
LAMR,
LANC,Consumer Defensive
LAND,
LARK,Financial Services
LASR,Technology
LAUR,Consumer Defensive
LAZ,Financial Services
LAZY,Consumer Cyclical
LBAI,Financial Services
LBC,Financial Services
LBRDA,Communication Services
LBRDK,Communication Services
LBRT,Energy
LBTYA,Communication Services
LBTYB,Communication Services
LBTYK,Communication Services
LC,Financial Services
LCA,Financial Services
LCAHU,
LCI,Healthcare
LCII,Consumer Cyclical
LCNB,Financial Services
LCTX,Healthcare
LCUT,Consumer Cyclical
LD,
LDOS,Technology
LDP,
LE,Consumer Cyclical
LEA,Consumer Cyclical
LECO,Industrials
LEDS,Technology
LEE,Communication Services
LEG,Consumer Cyclical
LEGH,Consumer Cyclical
LEJU,
LEN,Consumer Cyclical
LEO,Financial Services
LEU,Energy
LEVI,Consumer Cyclical
LFAC,Financial Services
LFACU,
LFC,Financial Services
LFUS,Technology
LFVN,Consumer Defensive
LGF.B,
LGI,
LGIH,Consumer Cyclical
LGL,Technology
LGND,Healthcare
LH,Healthcare
LHC,Financial Services
LHCG,Healthcare
LHX,Industrials
LIFE,Healthcare
LII,Industrials
LILA,Communication Services
LILAK,Communication Services
LIN,Basic Materials
LINC,Consumer Defensive
LIND,Consumer Cyclical
LIQT,Industrials
LITB,Consumer Cyclical
LITE,Technology
LIVE,Consumer Cyclical
LIVN,Healthcare
LIZI,Communication Services
LJPC,Healthcare
LKCO,Communication Services
LKFN,Financial Services
LKQ,Consumer Cyclical
LL,Consumer Cyclical
LLNW,
LLY,Healthcare
LMAT,Healthcare
LMB,Industrials
LMFA,Financial Services
LMHA,
LMHB,
LMNL,Healthcare
LMNR,Consumer Defensive
LMPX,Consumer Cyclical
LMST,Financial Services
LMT,Industrials
LNC,Financial Services
LND,Consumer Defensive
LNDC,Consumer Defensive
LNG,Energy
LNN,Industrials
LNT, Utilities
LNTH,Healthcare
LOAN,
LOB,Financial Services
LOCO,Consumer Cyclical
LODE,
LOGC,Healthcare
LOGI,Technology
LOMA,Basic Materials
LOOP,Basic Materials
LOPE,Consumer Defensive
LOV,Communication Services
LOVE,Consumer Cyclical
LOW,Consumer Cyclical
LPCN,Healthcare
LPG,Energy
LPI,Energy
LPL,Technology
LPLA,Financial Services
LPSN,Technology
LPTH,Technology
LPTX,Healthcare
LPX,Industrials
LQDA,Healthcare
LQDT,Consumer Cyclical
LRCX,Technology
LRN,Consumer Defensive
LSBK,Financial Services
LSCC,Technology
LSI,
LSTR,Industrials
LSXMA,Communication Services
LSXMB,Communication Services
LSXMK,Communication Services
LTBR,Industrials
LTC,
LTHM,Basic Materials
LTRPA,Communication Services
LTRPB,Communication Services
LTRX,Technology
LUB,
LULU,Consumer Cyclical
LUMO,Healthcare
LUNA,Technology
LUV,Industrials
LVS,Consumer Cyclical
LW,Consumer Defensive
LWAY,Consumer Defensive
LX,Financial Services
LXFR,Industrials
LXP,
LXRX,Healthcare
LXU,Basic Materials
LYB,Basic Materials
LYFT,Technology
LYG,Financial Services
LYL,Communication Services
LYTS,Technology
LYV,Communication Services
LZB,Consumer Cyclical
M,Consumer Cyclical
MA,Financial Services
MAA,
MAC,
MACK,Healthcare
MAG,Basic Materials
MAIN,Financial Services
MAN,Industrials
MANH,Technology
MANT,Technology
MANU,Communication Services
MAR,Consumer Cyclical
MARA,Financial Services
MARK,Technology
MARPS,
MAS,Industrials
MASI,Healthcare
MAT,Consumer Cyclical
MATW,Industrials
MATX,Industrials
MAV,Financial Services
MAXR,Technology
MAYS,
MBCN,Financial Services
MBI,Financial Services
MBII,Basic Materials
MBIN,Financial Services
MBINO,
MBINP,
MBIO,Healthcare
MBNKP,
MBOT,Healthcare
MBRX,Healthcare
MBT,Communication Services
MBUU,Consumer Cyclical
MBWM,Financial Services
MC,Financial Services
MCA,
MCB,Financial Services
MCBC,Financial Services
MCBS,Financial Services
MCD,Consumer Cyclical
MCFT,Consumer Cyclical
MCHP,Technology
MCHX,Communication Services
MCI,Financial Services
MCK,Healthcare
MCN,
MCO,Financial Services
MCR,Financial Services
MCRB,Healthcare
MCRI,Consumer Cyclical
MCS,Communication Services
MCX,
MCY,Financial Services
MD,Healthcare
MDB,Technology
MDC,Consumer Cyclical
MDGL,Healthcare
MDGS,Healthcare
MDIA,Communication Services
MDJH,
MDLQ,
MDLX,
MDLZ,Consumer Defensive
MDP,
MDRR,
MDRRP,
MDRX,Healthcare
MDT,Healthcare
MDU,Industrials
MDWD,Healthcare
MEC,Industrials
MED,Consumer Cyclical
MEDP,Healthcare
MEDS,Healthcare
MEI,Technology
MEIP,Healthcare
MELI,Consumer Cyclical
MEOH,Basic Materials
MERC,Basic Materials
MESA,Industrials
MESO,Healthcare
MET,Financial Services
METC,Basic Materials
METX,Consumer Defensive
MFA,
MFC,Financial Services
MFD,
MFG,Financial Services
MFGP,Technology
MFH,Financial Services
MFIN,Financial Services
MFM,Financial Services
MFV,Financial Services
MG,Industrials
MGA,Consumer Cyclical
MGEE, Utilities
MGF,
MGI,Financial Services
MGIC,Technology
MGM,Consumer Cyclical
MGNX,Healthcare
MGPI,Consumer Defensive
MGR,
MGRC,Industrials
MGTA,Healthcare
MGTX,Healthcare
MGU,
MGY,Energy
MGYR,Financial Services
MHD,
MHF,
MHH,Industrials
MHI,Financial Services
MHK,Consumer Cyclical
MHLA,
MHLD,Financial Services
MHN,
MHNC,
MHO,Consumer Cyclical
MIC,
MICR,
MICT,Technology
MIDD,Industrials
MIME,
MIN,Financial Services
MIND,Technology
MINDP,
MIRM,Healthcare
MIST,Healthcare
MITK,Technology
MITO,Healthcare
MITT,
MIXT,Technology
MIY,
MKC,Consumer Defensive
MKD,Basic Materials
MKL,Financial Services
MKSI,Technology
MKTX,Financial Services
MLAB,Technology
MLCO,Consumer Cyclical
MLI,Industrials
MLM,Basic Materials
MLP,
MLPB,
MLPC,
MLPE,
MLPG,
MLPI,
MLPO,
MLPY,
MLR,Consumer Cyclical
MLSS,Healthcare
MLVF,Financial Services
MMC,Financial Services
MMD,
MMI,
MMLP,
MMM,Industrials
MMP,Energy
MMS,Industrials
MMSI,Healthcare
MMT,
MMU,
MMX,Basic Materials
MMYT,Consumer Cyclical
MN,Financial Services
MNDO,Technology
MNKD,Healthcare
MNOV,Healthcare
MNP,
MNPR,Healthcare
MNRL,Energy
MNRO,Consumer Cyclical
MNSB,Financial Services
MNST,Consumer Defensive
MNTX,Industrials
MO,Consumer Defensive
MOBL,
MOD,Consumer Cyclical
MODN,Technology
MOFG,Financial Services
MOGO,Technology
MOGU,Consumer Cyclical
MOH,Healthcare
MOHO,Consumer Cyclical
MOMO,Communication Services
MOR,Healthcare
MORF,Healthcare
MORN,Financial Services
MOS,Basic Materials
MOTS,Healthcare
MOV,Consumer Cyclical
MOXC,Communication Services
MPA,
MPAA,Consumer Cyclical
MPB,Financial Services
MPC,Energy
MPLX,
MPV,Financial Services
MPW,
MPWR,Technology
MPX,Consumer Cyclical
MQT,
MQY,
MRAM,Technology
MRBK,Financial Services
MRC,Energy
MRCC,Financial Services
MRCCL,
MRCY,Industrials
MREO,Healthcare
MRIN,Technology
MRK,Healthcare
MRKR,Healthcare
MRNA,Healthcare
MRNS,Healthcare
MRO,Energy
MRSN,Healthcare
MRTN,Industrials
MRTX,Healthcare
MRUS,Healthcare
MRVL,Technology
MS,Financial Services
MSA,Industrials
MSB,Basic Materials
MSBI,Financial Services
MSC,Consumer Cyclical
MSCI,Financial Services
MSD,
MSEX, Utilities
MSFT,Technology
MSI,Technology
MSM,Industrials
MSN,Technology
MSTR,Technology
MSVB,Financial Services
MT,Basic Materials
MTA,Basic Materials
MTB,Financial Services
MTBC,Healthcare
MTBCP,
MTC,Technology
MTCH,Communication Services
MTD,Healthcare
MTDR,Energy
MTEM,Healthcare
MTEX,Consumer Defensive
MTG,Financial Services
MTH,Consumer Cyclical
MTL,Basic Materials
MTLS,Technology
MTN,Consumer Cyclical
MTNB,Healthcare
MTOR,Consumer Cyclical
MTP,Healthcare
MTR,Energy
MTRN,Basic Materials
MTRX,Industrials
MTSI,Technology
MTW,Industrials
MTX,Basic Materials
MTZ,Industrials
MU,Technology
MUA,
MUC,
MUDS,Financial Services
MUDSU,
MUE,
MUFG,Financial Services
MUI,
MUJ,
MUR,Energy
MUSA,Consumer Cyclical
MUX,Basic Materials
MVBF,Financial Services
MVCD,
MVF,
MVIS,Technology
MVO,Energy
MVT,
MWA,Industrials
MX,Technology
MXC,Energy
MXE,
MXF,
MXL,Technology
MYC,
MYD,
MYE,Consumer Cyclical
MYFW,Financial Services
MYGN,Healthcare
MYI,
MYJ,
MYN,
MYO,Healthcare
MYOV,Healthcare
MYRG,Industrials
MYSZ,Technology
NAC,
NAD,
NAII,Consumer Defensive
NAK,Basic Materials
NAN,
NAOV,Healthcare
NAT,Industrials
NATH,Consumer Cyclical
NATI,Technology
NATR,Consumer Defensive
NAVB,Healthcare
NAVI,Financial Services
NAZ,
NBB,
NBEV,Consumer Defensive
NBH,Financial Services
NBHC,Financial Services
NBIX,Healthcare
NBN,Financial Services
NBO,Financial Services
NBR,Energy
NBRV,Healthcare
NBSE,Healthcare
NBTB,Financial Services
NBW,Financial Services
NBY,Healthcare
NC,Energy
NCA,
NCBS,
NCLH,Consumer Cyclical
NCMI,Communication Services
NCNA,Healthcare
NCR,Technology
NCSM,Energy
NCTY,Communication Services
NCV,
NCZ,
NDAQ,Financial Services
NDLS,Consumer Cyclical
NDP,
NDRA,Healthcare
NDSN,Industrials
NE,Energy
NEA,
NEE, Utilities
NEM,Basic Materials
NEN,
NEO,Healthcare
NEOG,Healthcare
NEON,Technology
NEP,
NEPH,Healthcare
NEPT,Healthcare
NERV,Healthcare
NESR,Energy
NET,Technology
NEU,Basic Materials
NEV,
NEWR,Technology
NEWT,Financial Services
NEWTL,
NEX,Energy
NEXA,Basic Materials
NEXT,Energy
NFBK,Financial Services
NFE, Utilities
NFG,Energy
NFJ,
NFLX,Communication Services
NG,Basic Materials
NGD,Basic Materials
NGG, Utilities
NGL,
NGM,Healthcare
NGS,Energy
NGVC,Consumer Defensive
NGVT,Basic Materials
NH,Healthcare
NHC,Healthcare
NHI,
NHS,
NHTC,Consumer Cyclical
NI, Utilities
NIB,
NICE,Technology
NICK,Financial Services
NID,
NIE,
NIM,
NINE,Energy
NIO,Consumer Cyclical
NIQ,
NIU,Consumer Cyclical
NJR, Utilities
NKE,Consumer Cyclical
NKG,
NKSH,Financial Services
NKTR,Healthcare
NKX,
NL,Industrials
NLOK,Technology
NLS,Consumer Cyclical
NLSN,Industrials
NLTX,Healthcare
NLY,
NM,Industrials
NMCO,
NMFC,Financial Services
NMI,
NMIH,Financial Services
NML,
NMM,
NMR,Financial Services
NMRD,Healthcare
NMRK,
NMS,
NMT,
NMZ,
NNBR,Industrials
NNDM,Technology
NNI,Financial Services
NNN,
NNVC,Healthcare
NNY,
NOA,Energy
NOAH,Financial Services
NOC,Industrials
NODK,Financial Services
NOG,Energy
NOK,Technology
NOM,
NOMD,Consumer Defensive
NOV,Energy
NOVA,Technology
NOVN,Healthcare
NOVT,Technology
NOW,Technology
NP,
NPK,Industrials
NPO,Industrials
NPTN,Technology
NPV,
NQP,
NR,Energy
NRBO,Healthcare
NRC,Healthcare
NREF,
NRG, Utilities
NRGD,
NRGO,
NRGU,
NRGX,
NRGZ,
NRIM,Financial Services
NRK,
NRO,
NRP,
NRT,
NRUC,
NRZ,
NS,Energy
NSA,
NSC,Industrials
NSEC,
NSIT,Technology
NSL,
NSP,Industrials
NSPR,Healthcare
NSS,
NSSC,Industrials
NSTG,Healthcare
NSYS,Technology
NTAP,Technology
NTB,Financial Services
NTCO,Consumer Defensive
NTCT,Technology
NTES,Communication Services
NTG,
NTGR,Technology
NTIC,Basic Materials
NTIP,Industrials
NTLA,Healthcare
NTNX,Technology
NTP,
NTR,Basic Materials
NTRA,Healthcare
NTRS,Financial Services
NTRSO,
NTUS,
NTWK,Technology
NTZ,Consumer Cyclical
NUAN,
NUE,Basic Materials
NUO,
NURO,Healthcare
NUS,Consumer Defensive
NUV,
NUVA,Healthcare
NUW,
NVAX,Healthcare
NVCN,Healthcare
NVCR,Healthcare
NVDA,Technology
NVEC,Technology
NVEE,Industrials
NVFY,Consumer Cyclical
NVG,
NVGS,Energy
NVIV,Healthcare
NVMI,Technology
NVO,Healthcare
NVR,Consumer Cyclical
NVRO,Healthcare
NVS,Healthcare
NVST,Healthcare
NVT,Industrials
NVTA,Healthcare
NWBI,Financial Services
NWE, Utilities
NWFL,Financial Services
NWL,Consumer Defensive
NWLI,Financial Services
NWN, Utilities
NWPX,Industrials
NWS,Communication Services
NWSA,Communication Services
NX,Industrials
NXC,Financial Services
NXE,Energy
NXGN,Healthcare
NXJ,
NXN,Financial Services
NXP,Financial Services
NXPI,Technology
NXRT,
NXST,Communication Services
NXTC,Healthcare
NYCB,Financial Services
NYMT,
NYMTM,
NYMTN,
NYMTO,
NYMX,Healthcare
NYT,Communication Services
NZF,
O,
OAS,Energy
OBCI,Industrials
OBLG,Technology
OBNK,Financial Services
OBSV,Healthcare
OC,Industrials
OCC,Technology
OCCI,Financial Services
OCFC,Financial Services
OCFT,Technology
OCGN,Healthcare
OCN,Financial Services
OCSI,
OCSL,Financial Services
OCUL,Healthcare
OCX,Healthcare
ODC,Basic Materials
ODFL,Industrials
ODP,Consumer Cyclical
OEC,Basic Materials
OESX,Industrials
OFC,
OFED,Financial Services
OFG,Financial Services
OFIX,Healthcare
OFLX,Industrials
OFS,Financial Services
OFSSZ,
OGCP,
OGE, Utilities
OGEN,Healthcare
OGI,Healthcare
OGS, Utilities
OHI,
OI,Consumer Cyclical
OIA,Financial Services
OII,Energy
OIIM,Technology
OILX,
OIS,Energy
OKE,Energy
OKTA,Technology
OLED,Technology
OLEM,
OLLI,Consumer Defensive
OLN,Basic Materials
OLP,
OMAB,Industrials
OMC,Communication Services
OMCL,Healthcare
OMER,Healthcare
OMEX,Industrials
OMF,Financial Services
OMI,Healthcare
ON,Technology
ONB,Financial Services
ONCS,Healthcare
ONCT,Healthcare
ONCY,Healthcare
ONEM,Healthcare
ONEW,Consumer Cyclical
ONTO,Technology
ONTX,Healthcare
ONVO,Healthcare
OOMA,Communication Services
OPBK,Financial Services
OPCH,Healthcare
OPGN,Healthcare
OPHC,Financial Services
OPI,
OPK,Healthcare
OPNT,Healthcare
OPOF,Financial Services
OPP,
OPRA,Communication Services
OPRT,Financial Services
OPRX,Healthcare
OPTN,Healthcare
OPTT,Industrials
OPY,Financial Services
OR,Basic Materials
ORA, Utilities
ORAN,Communication Services
ORC,
ORCC,Financial Services
ORCL,Technology
ORGO,Healthcare
ORGS,Healthcare
ORI,Financial Services
ORLY,Consumer Cyclical
ORMP,Healthcare
ORN,Industrials
ORRF,Financial Services
ORTX,Healthcare
OSBC,Financial Services
OSG,Energy
OSIS,Technology
OSK,Industrials
OSPN,Technology
OSS,Technology
OSTK,Consumer Cyclical
OSUR,Healthcare
OSW,Consumer Cyclical
OTEX,Technology
OTIC,Healthcare
OTLK,Healthcare
OTTR, Utilities
OTTW,
OUT,
OVBC,Financial Services
OVID,Healthcare
OVLY,Financial Services
OVV,Energy
OXBR,Financial Services
OXLC,Financial Services
OXLCM,
OXLCO,
OXLCP,
OXM,Consumer Cyclical
OXSQ,Financial Services
OXSQL,
OXSQZ,
OXY,Energy
OYST,Healthcare
OZK,Financial Services
PAA,
PAAS,Basic Materials
PAC,Industrials
PACB,Healthcare
PACK,Consumer Cyclical
PACW,Financial Services
PAE,
PAG,Consumer Cyclical
PAGP,Energy
PAGS,Technology
PAHC,Healthcare
PAI,
PAM, Utilities
PANL,Industrials
PANW,Technology
PAR,Technology
PARR,Energy
PASG,Healthcare
PATI,Industrials
PATK,Consumer Cyclical
PAVM,Healthcare
PAVMW,
PAYC,Technology
PAYS,Technology
PAYX,Industrials
PB,Financial Services
PBA,Energy
PBB,
PBF,Energy
PBFS,Financial Services
PBFX,
PBH,Healthcare
PBHC,Financial Services
PBI,Industrials
PBIP,
PBPB,Consumer Cyclical
PBR,Energy
PBT,Energy
PBTS,Technology
PBY,
PBYI,Healthcare
PCAR,Industrials
PCB,Financial Services
PCF,
PCG, Utilities
PCH,
PCK,
PCM,
PCN,
PCOM,
PCQ,
PCRX,Healthcare
PCSB,Financial Services
PCTI,Technology
PCTY,Technology
PCYG,Technology
PCYO, Utilities
PD,Technology
PDCE,Energy
PDCO,Healthcare
PDD,Consumer Cyclical
PDEX,Healthcare
PDFS,Technology
PDI,
PDLB,Financial Services
PDM,
PDS,Energy
PDSB,Healthcare
PDT,
PEAK,
PEB,
PEBK,Financial Services
PEBO,Financial Services
PED,Energy
PEG, Utilities
PEGA,Technology
PEI,
PEN,Healthcare
PENN,Consumer Cyclical
PEO,
PEP,Consumer Defensive
PERI,Communication Services
PESI,Industrials
PETQ,Healthcare
PETS,Healthcare
PETZ,Consumer Defensive
PFBC,Financial Services
PFD,
PFE,Healthcare
PFFL,
PFG,Financial Services
PFGC,Consumer Defensive
PFH,
PFHD,Financial Services
PFIE,Energy
PFIN,Industrials
PFIS,Financial Services
PFL,
PFLT,Financial Services
PFMT,Industrials
PFN,
PFO,
PFS,Financial Services
PFSI,Financial Services
PFSW,Industrials
PG,Consumer Defensive
PGC,Financial Services
PGEN,Healthcare
PGM,
PGNY,Healthcare
PGP,
PGR,Financial Services
PGRE,
PGTI,Industrials
PGZ,Financial Services
PH,Industrials
PHAS,Healthcare
PHAT,Healthcare
PHCF,Financial Services
PHD,Financial Services
PHG,Healthcare
PHGE,Healthcare
PHI,Communication Services
PHIO,Healthcare
PHK,
PHM,Consumer Cyclical
PHR,Healthcare
PHT,Financial Services
PHUN,Technology
PHX,Energy
PI,Technology
PII,Consumer Cyclical
PIM,
PINC,Healthcare
PINE,
PING,Technology
PINS,Communication Services
PIPR,Financial Services
PIRS,Healthcare
PIXY,Industrials
PJT,Financial Services
PK,
PKBK,Financial Services
PKE,Industrials
PKG,Consumer Cyclical
PKI,Healthcare
PKOH,Industrials
PKX,Basic Materials
PLAB,Technology
PLAG,Consumer Defensive
PLAN,
PLAY,Communication Services
PLBC,Financial Services
PLCE,Consumer Cyclical
PLD,
PLG,Basic Materials
PLL,Basic Materials
PLM,Basic Materials
PLMR,Financial Services
PLNT,Consumer Cyclical
PLOW,Consumer Cyclical
PLPC,Industrials
PLSE,Healthcare
PLUG,Industrials
PLUS,Technology
PLX,Healthcare
PLXP,Healthcare
PLXS,Technology
PLYA,Consumer Cyclical
PLYM,
PM,Consumer Defensive
PMD,Healthcare
PME,Consumer Defensive
PMF,
PML,
PMM,Financial Services
PMO,Financial Services
PMT,
PMX,
PNBK,Financial Services
PNC,Financial Services
PNF,
PNFP,Financial Services
PNI,
PNM, Utilities
PNNT,Financial Services
PNR,Industrials
PNRG,Energy
PNTG,Healthcare
PNW, Utilities
POAI,Healthcare
PODD,Healthcare
POLA,Industrials
POOL,Industrials
POR, Utilities
POST,Consumer Defensive
POWI,Technology
POWL,Industrials
PPBI,Financial Services
PPC,Consumer Defensive
PPG,Basic Materials
PPHI,
PPIH,Industrials
PPL, Utilities
PPSI,Industrials
PPT,
PRA,Financial Services
PRAA,Financial Services
PRDO,Consumer Defensive
PRFT,Technology
PRGO,Healthcare
PRGS,Technology
PRI,Financial Services
PRIM,Industrials
PRK,Financial Services
PRLB,Industrials
PRMW,Consumer Defensive
PRO,Technology
PROF,Healthcare
PROV,Financial Services
PRPH,Healthcare
PRPL,Consumer Cyclical
PRPO,Healthcare
PRQR,Healthcare
PRS,
PRT,
PRTA,Healthcare
PRTH,Technology
PRTK,Healthcare
PRTS,Consumer Cyclical
PRTY,Consumer Cyclical
PRU,Financial Services
PRVB,Healthcare
PSA,
PSB,
PSEC,Financial Services
PSF,
PSHG,Industrials
PSMT,Consumer Defensive
PSN,Industrials
PSNL,Healthcare
PSO,Communication Services
PSTG,Technology
PSTI,Healthcare
PSTL,
PSTV,Healthcare
PSX,Energy
PT,Financial Services
PTC,Technology
PTCT,Healthcare
PTE,Healthcare
PTEN,Energy
PTGX,Healthcare
PTMN,Financial Services
PTN,Healthcare
PTNR,Communication Services
PTON,Consumer Cyclical
PTR,Energy
PTSI,Industrials
PTY,
PUK,Financial Services
PULM,Healthcare
PUMP,Energy
PUYI,Financial Services
PVBC,Financial Services
PVH,Consumer Cyclical
PVL,
PW,
PWFL,Technology
PWOD,Financial Services
PWR,Industrials
PXD,Energy
PXLW,Technology
PXS,Industrials
PYN,
PYPE,
PYPL,Financial Services
PYS,
PYT,
PZC,
PZG,Basic Materials
PZN,Financial Services
PZZA,Consumer Cyclical
QBAK,
QCOM,Technology
QCRH,Financial Services
QD,Financial Services
QDEL,Healthcare
QFIN,Financial Services
QGEN,Healthcare
QIWI,
QK,
QLYS,Technology
QMCO,Technology
QNST,Communication Services
QQQX,
QRHC,Industrials
QRTEA,Consumer Cyclical
QRTEB,Consumer Cyclical
QRVO,Technology
QSR,Consumer Cyclical
QTNT,Healthcare
QTRX,Healthcare
QTT,Communication Services
QTWO,Technology
QUAD,Industrials
QUIK,Technology
QUMU,Technology
QUOT,Communication Services
QURE,Healthcare
QVCC,
QVCD,
R,Industrials
RA,
RACE,Consumer Cyclical
RAD,Healthcare
RADA,Industrials
RAIL,Industrials
RAMP,Technology
RAND,Financial Services
RAPT,Healthcare
RARE,Healthcare
RAVE,Consumer Cyclical
RBA,Industrials
RBB,Financial Services
RBBN,Communication Services
RBCAA,Financial Services
RBCN,Technology
RBKB,Financial Services
RC,
RCA,
RCB,
RCEL,Healthcare
RCG,Financial Services
RCI,Communication Services
RCII,Industrials
RCKT,Healthcare
RCKY,Consumer Cyclical
RCL,Consumer Cyclical
RCM,Healthcare
RCMT,Industrials
RCON,Energy
RCS,
RCUS,Healthcare
RDCM,Communication Services
RDFN,
RDHL,Healthcare
RDI,Communication Services
RDIB,Communication Services
RDN,Financial Services
RDNT,Healthcare
RDUS,Healthcare
RDVT,Technology
RDWR,Technology
RDY,Healthcare
RE,Financial Services
REAL,Consumer Cyclical
REDU,
REED,Consumer Defensive
REFR,Technology
REG,
REGI,
REGN,Healthcare
REI,Energy
REKR,Technology
RELL,Technology
RELV,
RELX,Communication Services
REML,
RENN,Technology
REPL,Healthcare
RES,Energy
RESI,
RETA,Healthcare
RETO,Basic Materials
REV,Consumer Defensive
REVG,Industrials
REX,Basic Materials
REXR,
REYN,Consumer Cyclical
REZI,Industrials
RF,Financial Services
RFI,
RFIL,Industrials
RFL,Healthcare
RFM,
RFP,Basic Materials
RGA,Financial Services
RGCO, Utilities
RGEN,Healthcare
RGLD,Basic Materials
RGLS,Healthcare
RGNX,Healthcare
RGR,Industrials
RGS,Consumer Cyclical
RGT,Financial Services
RH,Consumer Cyclical
RHE,Healthcare
RHI,Industrials
RHP,
RIBT,Consumer Defensive
RICK,Consumer Cyclical
RIG,Energy
RIGL,Healthcare
RILY,Financial Services
RILYG,
RILYI,
RILYN,
RILYO,
RILYP,
RILYZ,
RIO,Basic Materials
RIOT,Technology
RIV,
RJA,
RJF,Financial Services
RJI,
RJN,
RJZ,
RKDA,Basic Materials
RL,Consumer Cyclical
RLGT,Industrials
RLGY,
RLI,Financial Services
RLJ,
RLMD,Healthcare
RM,Financial Services
RMAX,
RMBI,Financial Services
RMBL,Consumer Cyclical
RMBS,Technology
RMCF,Consumer Defensive
RMD,Healthcare
RMED,Healthcare
RMI,
RMM,Financial Services
RMNI,Technology
RMR,
RMT,Financial Services
RMTI,Healthcare
RNDB,Financial Services
RNG,Technology
RNGR,Energy
RNP,
RNR,Financial Services
RNST,Financial Services
RNWK,Communication Services
ROAD,Industrials
ROCK,Industrials
RODI,
ROG,Technology
ROIC,
ROK,Industrials
ROKU,Communication Services
ROL,Consumer Cyclical
ROLL,Industrials
ROP,Industrials
ROSE,Financial Services
ROSEU,
ROST,Consumer Cyclical
RPAY,Technology
RPD,Technology
RPM,Basic Materials
RPT,
RQI,
RRBI,Financial Services
RRC,Energy
RRGB,Consumer Cyclical
RRR,Consumer Cyclical
RRTS,
RS,Basic Materials
RSF,
RSG,Industrials
RSSS,Technology
RTLR,
RUBY,Healthcare
RUN,Technology
RUSHA,Consumer Cyclical
RUSHB,Consumer Cyclical
RUTH,Consumer Cyclical
RVLV,Consumer Cyclical
RVNC,Healthcare
RVP,Healthcare
RVSB,Financial Services
RVT,Financial Services
RWLK,Healthcare
RWT,
RY,Financial Services
RYAAY,Industrials
RYAM,Basic Materials
RYB,
RYI,Industrials
RYN,
RYTM,Healthcare
RZA,
RZB,
SA,Basic Materials
SABR,Consumer Cyclical
SACC,
SACH,
SAF,
SAFE,
SAFM,Consumer Defensive
SAFT,Financial Services
SAGE,Healthcare
SAH,Consumer Cyclical
SAIA,Industrials
SAIC,Technology
SAIL,Technology
SAL,Financial Services
SALM,Communication Services
SAM,Consumer Defensive
SAMA,Financial Services
SAMAU,
SAMG,Financial Services
SAN,Financial Services
SAND,Basic Materials
SANM,Technology
SANW,Consumer Defensive
SAP,Technology
SAR,Financial Services
SASR,Financial Services
SATS,Technology
SAVA,Healthcare
SAVE,Industrials
SB,Industrials
SBAC,
SBCF,Financial Services
SBFG,Financial Services
SBGI,Communication Services
SBH,Consumer Cyclical
SBI,
SBLK,Industrials
SBNY,Financial Services
SBOW,Energy
SBR,
SBRA,
SBS, Utilities
SBSI,Financial Services
SBT,Financial Services
SBUX,Consumer Cyclical
SCCB,
SCCO,Basic Materials
SCD,
SCHL,Communication Services
SCHN,Basic Materials
SCHW,Financial Services
SCI,Consumer Cyclical
SCKT,Technology
SCL,Basic Materials
SCM,Financial Services
SCOR,Communication Services
SCPH,Healthcare
SCPL,Communication Services
SCS,Industrials
SCSC,Technology
SCU,Financial Services
SCVL,Consumer Cyclical
SCVX,
SCWX,Technology
SCX,Industrials
SCYX,Healthcare
SD,Energy
SDC,Healthcare
SDGR,Healthcare
SDPI,Energy
SDYL,
SE,Consumer Cyclical
SEAC,Technology
SEAS,Consumer Cyclical
SEB,Industrials
SECO,Consumer Cyclical
SEDG,Technology
SEE,Consumer Cyclical
SEED,Basic Materials
SEEL,Healthcare
SEIC,Financial Services
SELB,Healthcare
SELF,
SEM,Healthcare
SENEA,Consumer Defensive
SENEB,Consumer Defensive
SENS,Healthcare
SES,Consumer Cyclical
SESN,Healthcare
SF,Financial Services
SFBC,Financial Services
SFBS,Financial Services
SFE,Financial Services
SFET,Technology
SFIX,Consumer Cyclical
SFL,Industrials
SFM,Consumer Defensive
SFNC,Financial Services
SFST,Financial Services
SFUN,
SG,Consumer Cyclical
SGA,Communication Services
SGBX,Industrials
SGC,Consumer Cyclical
SGEN,Healthcare
SGG,
SGH,Technology
SGLB,
SGMA,Technology
SGMO,Healthcare
SGRP,Industrials
SGRY,Healthcare
SGU,
SHAK,Consumer Cyclical
SHBI,Financial Services
SHEN,Communication Services
SHG,Financial Services
SHI,Energy
SHIP,Industrials
SHLX,
SHO,
SHOO,Consumer Cyclical
SHOP,Technology
SHW,Basic Materials
SI,Financial Services
SIBN,Healthcare
SIC,
SID,Basic Materials
SIEB,Financial Services
SIEN,Healthcare
SIF,Industrials
SIFY,Communication Services
SIG,Consumer Cyclical
SIGA,Healthcare
SIGI,Financial Services
SILC,Technology
SILK,Healthcare
SILV,Basic Materials
SIM,Basic Materials
SIMO,Technology
SINT,Healthcare
SIRI,Communication Services
SITC,
SITE,Industrials
SITM,Technology
SIVB,Financial Services
SIVBP,
SIX,Consumer Cyclical
SJI, Utilities
SJIJ,
SJM,Consumer Defensive
SJR,Communication Services
SJT,
SJW, Utilities
SKM,Communication Services
SKT,
SKX,Consumer Cyclical
SKY,Consumer Cyclical
SKYS,
SKYW,Industrials
SLAB,Technology
SLB,Energy
SLCA,Energy
SLDB,Healthcare
SLF,Financial Services
SLG,
SLGG,Communication Services
SLGL,Healthcare
SLGN,Consumer Cyclical
SLM,Financial Services
SLMBP,
SLNO,Healthcare
SLP,Healthcare
SLRC,Financial Services
SLRX,Healthcare
SLS,Healthcare
SLVO,
SM,Energy
SMAR,Technology
SMBC,Financial Services
SMBK,Financial Services
SMCI,Technology
SMED,Industrials
SMFG,Financial Services
SMG,Basic Materials
SMHB,
SMHI,Industrials
SMIT,Technology
SMLP,
SMM,
SMMF,Financial Services
SMMT,Healthcare
SMP,Consumer Cyclical
SMPL,Consumer Defensive
SMRT,Technology
SMSI,Technology
SMTC,Technology
SMTS,Basic Materials
SNA,Industrials
SNAP,Communication Services
SNBR,Consumer Cyclical
SNCR,Technology
SND,Energy
SNDL,Healthcare
SNDR,Industrials
SNDX,Healthcare
SNES,Basic Materials
SNFCA,Financial Services
SNGX,Healthcare
SNMP,
SNN,Healthcare
SNOA,Healthcare
SNP,Energy
SNPS,Technology
SNV,Financial Services
SNX,Technology
SNY,Healthcare
SO, Utilities
SOHO,
SOHOB,
SOHON,
SOHOO,
SOHU,Communication Services
SOI,Energy
SOJA,
SOJB,
SOJC,
SOJD,
SOL,Technology
SOLN,
SOLO,Consumer Cyclical
SON,Consumer Cyclical
SONM,Technology
SONO,Technology
SOR,Financial Services
SP,Industrials
SPB,Consumer Defensive
SPCB,Industrials
SPCE,Industrials
SPE,
SPFI,Financial Services
SPG,
SPGI,Financial Services
SPH,
SPI,Technology
SPLK,Technology
SPLP,
SPNE,Healthcare
SPNS,Technology
SPOK,Healthcare
SPOT,Communication Services
SPPI,Healthcare
SPR,Industrials
SPRO,Healthcare
SPSC,Technology
SPT,Technology
SPTN,Consumer Defensive
SPWH,Consumer Cyclical
SPWR,Technology
SPXC,Industrials
SPXX,
SQ,Technology
SQM,Basic Materials
SQNS,Technology
SR, Utilities
SRACU,
SRAX,Communication Services
SRC,
SRCE,Financial Services
SRCL,Industrials
SRDX,Healthcare
SRE, Utilities
SREA,
SREV,
SRG,
SRI,Consumer Cyclical
SRL,Financial Services
SRLP,
SRNE,Healthcare
SRPT,Healthcare
SRRA,
SRRK,Healthcare
SRT,Technology
SRTS,Healthcare
SRV,
SSB,Financial Services
SSBI,Financial Services
SSD,Industrials
SSKN,Healthcare
SSL,Basic Materials
SSNC,Technology
SSNT,Technology
SSP,Communication Services
SSRM,Basic Materials
SSSS,Financial Services
SSTI,Technology
SSTK,Communication Services
SSY,Healthcare
SSYS,Technology
ST,Technology
STAA,Healthcare
STAF,Industrials
STAG,
STAR,
STBA,Financial Services
STC,Financial Services
STCN,Communication Services
STE,Healthcare
STG,Consumer Defensive
STIM,Healthcare
STK,
STKL,Consumer Defensive
STKS,Consumer Cyclical
STLD,Basic Materials
STM,Technology
STN,Industrials
STNE,Technology
STNG,Energy
STOK,Healthcare
STON,Consumer Cyclical
STOR,
STPP,
STRA,Consumer Defensive
STRL,Industrials
STRM,Healthcare
STRO,Healthcare
STRS,
STRT,Consumer Cyclical
STSA,Healthcare
STT,Financial Services
STWD,
STX,Technology
STXS,Healthcare
STZ,Consumer Defensive
SU,Energy
SUI,
SUM,Basic Materials
SUMR,
SUN,
SUNW,Technology
SUP,Consumer Cyclical
SUPN,Healthcare
SUPV,Financial Services
SURF,Healthcare
SUZ,Basic Materials
SVA,
SVC,
SVM,Basic Materials
SVRA,Healthcare
SVT,Industrials
SVVC,
SWAV,Healthcare
SWCH,Technology
SWI,Technology
SWIR,Technology
SWK,Industrials
SWKH,Financial Services
SWKS,Technology
SWM,Basic Materials
SWN,Energy
SWT,
SWTX,Healthcare
SWX, Utilities
SWZ,
SXC,Basic Materials
SXI,Industrials
SXT,Basic Materials
SXTC,Healthcare
SY,Healthcare
SYBT,Financial Services
SYBX,Healthcare
SYF,Financial Services
SYK,Healthcare
SYN,Healthcare
SYNA,Technology
SYNH,Healthcare
SYNL,Basic Materials
SYPR,Consumer Cyclical
SYRS,Healthcare
SYY,Consumer Defensive
SZC,
T,Communication Services
TA,Consumer Cyclical
TAC, Utilities
TACO,
TACT,Technology
TAIT,Technology
TAK,Healthcare
TAL,Consumer Defensive
TALO,Energy
TANH,Consumer Defensive
TANNI,
TANNL,
TANNZ,
TAOP,Technology
TAP,Consumer Defensive
TAPR,
TARA,Healthcare
TARO,Healthcare
TAST,Consumer Cyclical
TATT,Industrials
TAYD,Industrials
TBB,
TBBK,Financial Services
TBC,
TBI,Industrials
TBK,Financial Services
TBLT,Industrials
TBLTW,
TBNK,Financial Services
TBPH,Healthcare
TC,Communication Services
TCBI,Financial Services
TCBK,Financial Services
TCCO,
TCDA,Healthcare
TCFC,Financial Services
TCI,
TCMD,Healthcare
TCOM,Consumer Cyclical
TCON,Healthcare
TCPC,Financial Services
TCRR,Healthcare
TCRZ,
TCS,Consumer Cyclical
TCX,Technology
TD,Financial Services
TDC,Technology
TDF,
TDG,Industrials
TDOC,Healthcare
TDS,Communication Services
TDW,Energy
TDY,Technology
TEAF,
TEAM,Technology
TECH,Healthcare
TECK,Basic Materials
TECTP,
TEDU,Consumer Defensive
TEF,Technology
TEI,
TEL,Technology
TELA,Healthcare
TELL,Energy
TEN,Consumer Cyclical
TENB,Technology
TENX,Healthcare
TEO,Communication Services
TER,Technology
TESS,Technology
TEUM,
TEVA,Healthcare
TEX,Industrials
TFC,Financial Services
TFFP,Healthcare
TFII,Industrials
TFSL,Financial Services
TFX,Healthcare
TG,Industrials
TGA,Energy
TGB,Basic Materials
TGEN,
TGH,Industrials
TGI,Industrials
TGLS,Basic Materials
TGNA,Communication Services
TGS,Energy
TGT,Consumer Defensive
TGTX,Healthcare
TH,Industrials
THC,Healthcare
THCA,Financial Services
THCAU,
THFF,Financial Services
THG,Financial Services
THM,Basic Materials
THMO,Healthcare
THO,Consumer Cyclical
THQ,
THR,Industrials
THRM,Consumer Cyclical
THS,Consumer Defensive
THTX,Healthcare
THW,
TIGO,Communication Services
TIGR,Financial Services
TILE,Consumer Cyclical
TIPT,Financial Services
TISI,Industrials
TITN,Industrials
TJX,Consumer Cyclical
TK,Energy
TKAT,Consumer Cyclical
TKC,Communication Services
TKR,Industrials
TLK,Communication Services
TLRY,Healthcare
TLSA,Healthcare
TLYS,Consumer Cyclical
TM,Consumer Cyclical
TMDI,Healthcare
TMDX,Healthcare
TME,Communication Services
TMHC,Consumer Cyclical
TMO,Healthcare
TMP,Financial Services
TMQ,Basic Materials
TMST,Basic Materials
TMUS,Communication Services
TNC,Industrials
TNDM,Healthcare
TNET,Industrials
TNK,Energy
TNP,Energy
TNXP,Healthcare
TOL,Consumer Cyclical
TOPS,Industrials
TOUR,Consumer Cyclical
TOWN,Financial Services
TPB,Consumer Defensive
TPC,Industrials
TPH,Consumer Cyclical
TPHS,
TPIC,Industrials
TPL,Energy
TPR,Consumer Cyclical
TPTX,Healthcare
TPVG,Financial Services
TPVY,
TPX,Consumer Cyclical
TPZ,
TR,Consumer Defensive
TRC,Industrials
TREC,
TREE,Financial Services
TREX,Industrials
TRGP,Energy
TRHC,Healthcare
TRI,Industrials
TRIB,Healthcare
TRIP,Consumer Cyclical
TRMB,Technology
TRMD,Energy
TRMK,Financial Services
TRN,Industrials
TRNO,
TRNS,Industrials
TRNX,
TROW,Financial Services
TROX,Basic Materials
TRP,Energy
TRQ,Basic Materials
TRS,Industrials
TRST,Financial Services
TRT,Technology
TRTN,Industrials
TRTX,
TRU,Industrials
TRUE,
TRUP,Financial Services
TRV,Financial Services
TRVG,Communication Services
TRVI,Healthcare
TRVN,Healthcare
TRX,Basic Materials
TS,Energy
TSBK,Financial Services
TSC,
TSCAP,
TSCBP,
TSCO,Consumer Cyclical
TSE,Basic Materials
TSEM,Technology
TSI,
TSLA,Consumer Cyclical
TSLX,Financial Services
TSM,Technology
TSN,Consumer Defensive
TSQ,Communication Services
TSRI,Technology
TT,Industrials
TTC,Industrials
TTD,Technology
TTEC,Technology
TTEK,Industrials
TTGT,Communication Services
TTI,Energy
TTM,Consumer Cyclical
TTMI,Technology
TTNP,Healthcare
TTOO,Healthcare
TTP,
TTWO,Communication Services
TU,Communication Services
TUFN,Technology
TUP,Consumer Cyclical
TURN,Financial Services
TUSK,Industrials
TV,Communication Services
TVC,
TVE,
TVIX,
TVTY,
TW,Financial Services
TWI,Industrials
TWIN,Industrials
TWLO,Communication Services
TWN,
TWNK,Consumer Defensive
TWNKW,
TWO,
TWOU,Consumer Defensive
TWST,Healthcare
TWTR,Communication Services
TX,Basic Materials
TXG,Healthcare
TXMD,Healthcare
TXN,Technology
TXRH,Consumer Cyclical
TXT,Industrials
TY,Financial Services
TYG,
TYL,Technology
TYME,Healthcare
TZOO,Communication Services
UA,Consumer Cyclical
UAA,Consumer Cyclical
UAG,
UAL,Industrials
UAMY,Basic Materials
UAN,
UAUD,
UAVS,Technology
UBA,
UBCP,Financial Services
UBER,Technology
UBFO,Financial Services
UBG,
UBOH,Financial Services
UBP,
UBS,Financial Services
UBSI,Financial Services
UBX,Healthcare
UCBI,Financial Services
UCHF,
UCI,
UCIB,
UCTT,Technology
UDR,
UE,
UEC,Energy
UEIC,Technology
UEPS,
UEUR,
UFAB,Consumer Cyclical
UFCS,Financial Services
UFI,Consumer Cyclical
UFPI,Basic Materials
UFPT,Healthcare
UG,Consumer Defensive
UGAZ,
UGBP,
UGI, Utilities
UGLD,
UGP,Energy
UHAL,Industrials
UHS,Healthcare
UHT,
UI,Technology
UIHC,Financial Services
UIS,Technology
UJPY,
UL,Consumer Defensive
ULBI,Industrials
ULH,Industrials
ULTA,Consumer Cyclical
UMBF,Financial Services
UMC,Technology
UMH,
UMPQ,Financial Services
UNAM,Financial Services
UNB,Financial Services
UNF,Industrials
UNFI,Consumer Defensive
UNH,Healthcare
UNIT,
UNM,Financial Services
UNMA,
UNP,Industrials
UNTY,Financial Services
UNVR,Basic Materials
UONE,Communication Services
UONEK,Communication Services
UPLD,Technology
UPS,Industrials
UPWK,Industrials
URBN,Consumer Cyclical
URG,Energy
URGN,Healthcare
URI,Industrials
URR,
USA,
USAC,
USAK,Industrials
USAP,Basic Materials
USAS,Basic Materials
USAU,Basic Materials
USB,Financial Services
USDP,
USEG,Energy
USFD,Consumer Defensive
USIO,Technology
USLM,Basic Materials
USLV,
USM,Communication Services
USNA,Consumer Defensive
USOI,
USPH,Healthcare
USV,
USWS,Energy
USX,Industrials
UTF,
UTG,
UTHR,Healthcare
UTI,Consumer Defensive
UTL, Utilities
UTMD,Healthcare
UTSI,Technology
UUU,Industrials
UUUU,Energy
UVE,Financial Services
UVSP,Financial Services
UVV,Consumer Defensive
UXIN,Consumer Cyclical
UZB,
V,Financial Services
VAC,Consumer Cyclical
VAL,Energy
VALE,Basic Materials
VALU,Financial Services
VAPO,Healthcare
VBF,
VBFC,Financial Services
VBIV,Healthcare
VBLT,Healthcare
VBTX,Financial Services
VC,Consumer Cyclical
VCEL,Healthcare
VCIF,Financial Services
VCNX,Healthcare
VCTR,Financial Services
VCV,Financial Services
VCYT,Healthcare
VEC,Industrials
VECO,Technology
VEEV,Healthcare
VEL,Financial Services
VEON,Communication Services
VERB,Technology
VERI,Technology
VERO,Healthcare
VERU,Healthcare
VERY,Financial Services
VET,Energy
VFC,Consumer Cyclical
VFF,Consumer Defensive
VFL,Financial Services
VG,
VGI,
VGM,Financial Services
VGR,Consumer Defensive
VGZ,Basic Materials
VHC,Technology
VHI,Basic Materials
VIAV,Technology
VICI,
VICR,Technology
VIIX,
VIOT,Consumer Cyclical
VIPS,Consumer Cyclical
VIR,Healthcare
VIRC,Consumer Cyclical
VIRT,Financial Services
VISL,Technology
VIST,Energy
VIV,Communication Services
VIVE,Healthcare
VIVO,Healthcare
VJET,Technology
VKI,Financial Services
VKQ,Financial Services
VKTX,Healthcare
VLGEA,Consumer Defensive
VLO,Energy
VLRS,Industrials
VLT,Financial Services
VLY,Financial Services
VLYPO,
VLYPP,
VMC,Basic Materials
VMD,Healthcare
VMI,Industrials
VMO,Financial Services
VMW,Technology
VNCE,Consumer Cyclical
VNDA,Healthcare
VNET,Technology
VNO,
VNOM,
VNRX,Healthcare
VNTR,Basic Materials
VOC,
VOD,Communication Services
VOXX,Technology
VOYA,Financial Services
VPG,Technology
VPV,Financial Services
VQT,
VRA,Consumer Cyclical
VRAY,Healthcare
VRCA,Healthcare
VREX,Healthcare
VRNA,Healthcare
VRNS,Technology
VRNT,Technology
VRRM,Industrials
VRSK,Industrials
VRSN,Technology
VRT,Industrials
VRTS,Financial Services
VRTV,Industrials
VRTX,Healthcare
VSAT,Technology
VSEC,Industrials
VSH,Technology
VST, Utilities
VSTM,Healthcare
VSTO,Consumer Cyclical
VTGN,Healthcare
VTIQ,Financial Services
VTIQU,
VTIQW,
VTN,Financial Services
VTNR,Energy
VTR,
VTSI,Industrials
VTVT,Healthcare
VUZI,Technology
VVI,Industrials
VVNT,Industrials
VVPR,Technology
VVR,
VVV,
VXRT,Healthcare
VXX,
VXZ,
VYGR,Healthcare
VZ,Communication Services
W,Consumer Cyclical
WAB,Industrials
WABC,Financial Services
WAFD,Financial Services
WAFU,Consumer Defensive
WAL,Financial Services
WALA,
WASH,Financial Services
WAT,Healthcare
WATT,Technology
WB,Communication Services
WBA,Healthcare
WBS,Financial Services
WBT,Industrials
WCC,Industrials
WCN,Industrials
WD,Financial Services
WDAY,Technology
WDC,Technology
WDFC,Basic Materials
WEA,
WEC, Utilities
WELL,
WEN,Consumer Cyclical
WERN,Industrials
WES,
WETF,Financial Services
WEX,Technology
WEYS,Consumer Cyclical
WF,Financial Services
WFC,Financial Services
WGO,Consumer Cyclical
WH,Consumer Cyclical
WHD,Energy
WHF,Financial Services
WHFBZ,
WHG,Financial Services
WHLM,Industrials
WHLR,
WHLRD,
WHLRP,
WHR,Consumer Cyclical
WIA,
WIL,
WILC,Consumer Defensive
WINA,Consumer Cyclical
WING,Consumer Cyclical
WIRE,Industrials
WISA,Technology
WIT,Technology
WIW,
WIX,Technology
WK,Technology
WKEY,Technology
WKHS,Consumer Cyclical
WLDN,Industrials
WLFC,Industrials
WLK,Basic Materials
WLKP,
WLL,Energy
WM,Industrials
WMB,Energy
WMC,
WMK,Consumer Defensive
WMS,Industrials
WMT,Consumer Defensive
WNC,Industrials
WNEB,Financial Services
WNS,Technology
WOR,Industrials
WORX,Healthcare
WOW,Communication Services
WPC,
WPM,Basic Materials
WPP,Communication Services
WPRT,Consumer Cyclical
WRB,Financial Services
WRE,
WRK,Consumer Cyclical
WRLD,Financial Services
WRN,Basic Materials
WSBC,Financial Services
WSBF,Financial Services
WSC,Industrials
WSFS,Financial Services
WSM,Consumer Cyclical
WSO,Industrials
WSR,
WST,Healthcare
WSTG,Technology
WSTL,
WTBA,Financial Services
WTER,Consumer Defensive
WTFC,Financial Services
WTFCM,
WTI,Energy
WTIU,
WTM,Financial Services
WTRE,
WTRG, Utilities
WTRH,Technology
WTS,Industrials
WTT,Technology
WTTR,Energy
WU,Financial Services
WVE,Healthcare
WVFC,
WVVI,Consumer Defensive
WVVIP,
WW,Consumer Cyclical
WWD,Industrials
WWE,Communication Services
WWR,Basic Materials
WWW,Consumer Cyclical
WY,
WYNN,Consumer Cyclical
WYY,Technology
X,Basic Materials
XAIR,Healthcare
XBIO,Healthcare
XBIOW,
XBIT,Healthcare
XCUR,Healthcare
XEL, Utilities
XELA,Technology
XELB,Consumer Cyclical
XENE,Healthcare
XERS,Healthcare
XFLT,
XFOR,Healthcare
XGN,Healthcare
XHR,
XIN,
XNCR,Healthcare
XNET,Communication Services
XOM,Energy
XOMA,Healthcare
XP,Financial Services
XPEL,Consumer Cyclical
XPER,Technology
XPL,Basic Materials
XPO,Industrials
XRAY,Healthcare
XRX,Technology
XSPA,Consumer Cyclical
XTLB,Healthcare
XTNT,Healthcare
XVZ,
XXII,Consumer Defensive
XYF,Financial Services
XYL,Industrials
Y,Financial Services
YCBD,Healthcare
YELP,Communication Services
YETI,Consumer Cyclical
YEXT,Technology
YGRN,
YGYI,
YGYIP,
YI,Healthcare
YJ,Consumer Cyclical
YMAB,Healthcare
YNDX,
YORW, Utilities
YPF,Energy
YRD,Financial Services
YTEN,Basic Materials
YTRA,Consumer Cyclical
YUM,Consumer Cyclical
YUMC,Consumer Cyclical
YVR,Communication Services
YY,Communication Services
Z,Communication Services
ZBH,Healthcare
ZBRA,Technology
ZCMD,Healthcare
ZDGE,Communication Services
ZEAL,Healthcare
ZEN,Technology
ZEUS,Basic Materials
ZG,Communication Services
ZION,Financial Services
ZIONL,
ZIONO,
ZIONP,
ZIV,
ZKIN,Basic Materials
ZLAB,Healthcare
ZM,Technology
ZNGA,
ZNH,Industrials
ZOM,Healthcare
ZS,Technology
ZSAN,
ZTO,Industrials
ZTR,
ZTS,Healthcare
ZUMZ,Consumer Cyclical
ZUO,Technology
ZVO,Consumer Defensive
ZYME,Healthcare
ZYNE,Healthcare
ZYXI,Healthcare
